name,package,n_char,n_examples,n_example_comments,n_functions,deprecated
vec_ptype2.blob,blob,965,0,0,3,FALSE
as.blob,blob,620,0,0,1,TRUE
is_blob,blob,1045,0,0,5,FALSE
vec_cast.blob,blob,631,0,0,3,FALSE
as_blob,blob,1045,0,0,5,FALSE
validate_blob,blob,1045,0,0,5,FALSE
new_blob,blob,1045,1,0,5,FALSE
blob,blob,1045,3,0,5,FALSE
augment_columns,broom,1232,0,0,2,FALSE
bootstrap,broom,886,1,0,1,TRUE
tidy,broom,511,0,0,NA,FALSE
finish_glance,broom,1264,0,0,1,FALSE
tidy_irlba,broom,4200,0,0,1,FALSE
glance,broom,511,0,0,NA,FALSE
tidyMCMC,broom,3320,0,3,12,TRUE
fix_data_frame,broom,603,0,0,1,FALSE
confint_tidy,broom,1212,0,0,1,FALSE
augment,broom,511,0,0,NA,FALSE
src_local,dplyr,816,0,0,2,FALSE
db_analyze,dplyr,4362,0,0,28,FALSE
n_groups,dplyr,882,2,0,2,FALSE
distinct,dplyr,2093,12,6,1,FALSE
summarise_,dplyr,4321,0,0,21,TRUE
group_split,dplyr,3764,4,5,2,FALSE
group_by_if,dplyr,3024,2,5,6,FALSE
sample_n,dplyr,2248,6,3,3,FALSE
group_indices_,dplyr,4321,0,0,21,TRUE
as_tibble,dplyr,1470,0,0,NA,FALSE
nest_join,dplyr,7365,1,7,10,FALSE
tbl_nongroup_vars,dplyr,608,0,0,2,FALSE
is.src,dplyr,655,0,0,2,FALSE
summarize_each,dplyr,1398,0,0,6,TRUE
order_by,dplyr,1128,3,0,1,FALSE
new_grouped_df,dplyr,1406,1,2,2,FALSE
any_vars,dplyr,1149,0,0,2,FALSE
collapse,dplyr,1466,1,3,3,FALSE
tbl_cube,dplyr,3993,4,9,1,FALSE
db_commit,dplyr,4362,0,0,28,FALSE
left_join,dplyr,7365,1,7,10,FALSE
matches,dplyr,1470,0,0,NA,FALSE
select_vars,dplyr,1265,0,0,4,TRUE
tbl_df,dplyr,249,0,0,1,TRUE
is.tbl,dplyr,479,0,0,3,FALSE
compare_tbls2,dplyr,3011,0,4,6,FALSE
group_by_at,dplyr,3024,1,5,6,FALSE
pull,dplyr,1176,5,1,1,FALSE
min_rank,dplyr,2174,1,2,6,FALSE
tally_,dplyr,4321,0,0,21,TRUE
progress_estimated,dplyr,1375,5,2,1,FALSE
anti_join,dplyr,7365,1,7,10,FALSE
%>%,dplyr,1470,0,0,NA,FALSE
db_create_table,dplyr,4362,0,0,28,FALSE
lag,dplyr,1320,4,1,2,FALSE
syms,dplyr,2156,0,0,NA,FALSE
db_desc,dplyr,4362,0,0,28,FALSE
db_data_type,dplyr,4362,0,0,28,FALSE
tbl_vars,dplyr,608,0,0,2,FALSE
mutate_if,dplyr,6718,9,22,6,FALSE
db_create_index,dplyr,4362,0,0,28,FALSE
ends_with,dplyr,1470,0,0,NA,FALSE
arrange_all,dplyr,2241,3,3,3,FALSE
funs,dplyr,1889,6,3,1,FALSE
dim_desc,dplyr,359,1,0,1,FALSE
check_dbplyr,dplyr,751,0,0,2,FALSE
rbind_all,dplyr,3585,0,14,2,FALSE
src_tbls,dplyr,374,0,0,1,FALSE
eval_tbls2,dplyr,3011,0,4,6,FALSE
last_col,dplyr,1470,0,0,NA,FALSE
arrange_if,dplyr,2241,0,3,3,FALSE
.data,dplyr,2156,0,0,NA,FALSE
is_grouped_df,dplyr,706,0,0,3,FALSE
rowwise,dplyr,1140,1,0,1,FALSE
db_write_table,dplyr,4362,0,0,28,FALSE
do,dplyr,4155,10,4,1,FALSE
n_distinct,dplyr,495,1,0,1,FALSE
bind_cols,dplyr,3585,3,14,2,FALSE
src_df,dplyr,816,1,0,2,FALSE
sql_set_op,dplyr,4362,0,0,28,FALSE
top_frac,dplyr,1901,1,6,2,FALSE
group_keys,dplyr,3764,4,5,2,FALSE
sql_escape_ident,dplyr,4362,0,0,28,FALSE
mutate_at,dplyr,6718,4,22,6,FALSE
enquos,dplyr,2156,0,0,NA,FALSE
enexprs,dplyr,380,0,0,NA,FALSE
sql_select,dplyr,4362,0,0,28,FALSE
as.tbl_cube,dplyr,1291,0,0,17,FALSE
tally,dplyr,4129,8,11,5,FALSE
transmute_,dplyr,4321,0,0,21,TRUE
bind_rows,dplyr,3585,12,14,2,FALSE
last,dplyr,1819,3,2,3,FALSE
filter_at,dplyr,3184,3,13,3,FALSE
union,dplyr,1523,6,5,5,FALSE
semi_join,dplyr,7365,1,7,10,FALSE
db_drop_table,dplyr,4362,0,0,28,FALSE
sample_frac,dplyr,2248,6,3,3,FALSE
group_vars,dplyr,907,1,0,2,FALSE
select_all,dplyr,2951,4,4,6,FALSE
group_by_,dplyr,4321,0,0,21,TRUE
slice,dplyr,2446,6,6,1,FALSE
lead,dplyr,1320,4,1,2,FALSE
vars,dplyr,1118,0,0,1,FALSE
summarise_each_,dplyr,1398,0,0,6,TRUE
distinct_prepare,dplyr,699,0,0,3,FALSE
summarize,dplyr,4483,0,12,2,FALSE
tibble,dplyr,1470,0,0,NA,FALSE
sql_subquery,dplyr,4362,0,0,28,FALSE
group_indices,dplyr,871,1,0,1,FALSE
sym,dplyr,2156,0,0,NA,FALSE
right_join,dplyr,7365,1,7,10,FALSE
expr,dplyr,2156,0,0,NA,FALSE
db_has_table,dplyr,4362,0,0,28,FALSE
summarise_at,dplyr,6012,2,15,6,FALSE
ungroup,dplyr,3924,2,10,2,FALSE
add_rownames,dplyr,457,1,0,1,TRUE
transmute_all,dplyr,6718,0,22,6,FALSE
show_query,dplyr,1551,1,4,2,FALSE
db_begin,dplyr,4362,0,0,28,FALSE
group_by_drop_default,dplyr,650,3,0,1,FALSE
coalesce,dplyr,1285,3,3,1,FALSE
wrap_dbplyr_obj,dplyr,751,2,0,2,FALSE
distinct_at,dplyr,2425,1,2,3,FALSE
db_create_indexes,dplyr,4362,0,0,28,FALSE
db_list_tables,dplyr,4362,0,0,28,FALSE
compute,dplyr,1466,1,3,3,FALSE
mutate_,dplyr,4321,0,0,21,TRUE
lst,dplyr,1470,0,0,NA,FALSE
filter,dplyr,5364,12,16,1,FALSE
mutate,dplyr,6454,15,23,2,FALSE
inner_join,dplyr,7365,2,7,10,FALSE
db_query_fields,dplyr,4362,0,0,28,FALSE
rename_vars_,dplyr,4321,0,0,21,TRUE
case_when,dplyr,5253,16,23,1,FALSE
do_,dplyr,4321,0,0,21,TRUE
type_sum,dplyr,1470,0,0,NA,FALSE
distinct_if,dplyr,2425,1,2,3,FALSE
cummean,dplyr,1683,2,6,3,FALSE
auto_copy,dplyr,741,0,0,1,FALSE
db_query_rows,dplyr,4362,0,0,28,FALSE
n,dplyr,499,4,0,1,FALSE
group_map,dplyr,5060,3,9,3,FALSE
db_save_query,dplyr,4362,0,0,28,FALSE
num_range,dplyr,1470,0,0,NA,FALSE
add_count_,dplyr,4321,0,0,21,TRUE
ident,dplyr,590,1,1,1,FALSE
sql_semi_join,dplyr,4362,0,0,28,FALSE
intersect,dplyr,1523,3,5,5,FALSE
id,dplyr,654,0,0,1,FALSE
enquo,dplyr,2156,0,0,NA,FALSE
transmute_at,dplyr,6718,0,22,6,FALSE
group_nest,dplyr,2402,4,4,1,FALSE
as_data_frame,dplyr,1470,0,0,NA,FALSE
recode_factor,dplyr,6021,7,21,3,FALSE
rename_vars,dplyr,1265,0,0,4,TRUE
select_if,dplyr,2951,2,4,6,FALSE
rename_if,dplyr,2951,1,4,6,FALSE
src_postgres,dplyr,5039,0,13,5,FALSE
sql_join,dplyr,4362,0,0,28,FALSE
group_trim,dplyr,1193,1,0,1,FALSE
if_else,dplyr,1608,4,2,1,FALSE
rename_all,dplyr,2951,1,4,6,FALSE
setdiff,dplyr,1523,3,5,5,FALSE
quos,dplyr,380,0,0,NA,FALSE
with_order,dplyr,462,0,0,1,FALSE
filter_all,dplyr,3184,2,13,3,FALSE
arrange_,dplyr,4321,0,0,21,TRUE
group_data,dplyr,1185,2,2,2,FALSE
top_n,dplyr,1901,6,6,2,FALSE
nth,dplyr,1819,4,2,3,FALSE
group_by,dplyr,3924,8,10,2,FALSE
src_mysql,dplyr,5039,0,13,5,FALSE
select_at,dplyr,2951,2,4,6,FALSE
rename_at,dplyr,2951,1,4,6,FALSE
add_count,dplyr,4129,4,11,5,FALSE
dense_rank,dplyr,2174,1,2,6,FALSE
count_,dplyr,4321,0,0,21,TRUE
full_join,dplyr,7365,2,7,10,FALSE
lst_,dplyr,1470,0,0,NA,FALSE
dr_dplyr,dplyr,360,1,0,1,FALSE
summarise_each,dplyr,1398,0,0,6,TRUE
rbind_list,dplyr,3585,0,14,2,FALSE
cumall,dplyr,1683,4,6,3,FALSE
group_size,dplyr,882,2,0,2,FALSE
sql_translate_env,dplyr,4362,0,0,28,FALSE
select_var,dplyr,1265,0,0,4,TRUE
mutate_all,dplyr,6718,0,22,6,FALSE
summarize_at,dplyr,6012,0,15,6,FALSE
slice_,dplyr,4321,0,0,21,TRUE
current_vars,dplyr,1265,0,0,4,TRUE
summarise_if,dplyr,6012,1,15,6,FALSE
data_frame,dplyr,1470,0,0,NA,FALSE
compare_tbls,dplyr,3011,2,4,6,FALSE
everything,dplyr,1470,0,0,NA,FALSE
same_src,dplyr,341,0,0,1,FALSE
tbl_sum,dplyr,1470,0,0,NA,FALSE
group_by_prepare,dplyr,699,0,0,3,FALSE
db_explain,dplyr,4362,0,0,28,FALSE
eval_tbls,dplyr,3011,0,4,6,FALSE
location,dplyr,562,2,0,2,FALSE
arrange_at,dplyr,2241,0,3,3,FALSE
transmute_if,dplyr,6718,0,22,6,FALSE
rename_,dplyr,4321,0,0,21,TRUE
arrange,dplyr,2144,5,2,4,FALSE
mutate_each_,dplyr,1398,0,0,6,TRUE
select_,dplyr,4321,0,0,21,TRUE
filter_if,dplyr,3184,2,13,3,FALSE
distinct_all,dplyr,2425,2,2,3,FALSE
summarise,dplyr,4483,6,12,2,FALSE
summarize_each_,dplyr,1398,0,0,6,TRUE
as_label,dplyr,2156,0,0,NA,FALSE
group_by_all,dplyr,3024,2,5,6,FALSE
copy_to,dplyr,1182,1,0,2,FALSE
select_vars_,dplyr,4321,0,0,21,TRUE
all_equal,dplyr,1921,6,4,6,FALSE
ntile,dplyr,2174,2,2,6,FALSE
trunc_mat,dplyr,1470,0,0,NA,FALSE
sql,dplyr,395,0,0,1,FALSE
near,dplyr,511,1,0,1,FALSE
common_by,dplyr,178,0,0,1,FALSE
db_insert_into,dplyr,4362,0,0,28,FALSE
first,dplyr,1819,2,2,3,FALSE
bench_tbls,dplyr,3011,4,4,6,FALSE
summarize_,dplyr,4321,0,0,21,TRUE
src,dplyr,655,0,0,2,FALSE
filter_,dplyr,4321,0,0,21,TRUE
setequal,dplyr,1523,1,5,5,FALSE
rename,dplyr,5858,4,19,2,FALSE
cumany,dplyr,1683,4,6,3,FALSE
one_of,dplyr,1470,0,0,NA,FALSE
desc,dplyr,483,4,0,1,FALSE
contains,dplyr,1470,0,0,NA,FALSE
na_if,dplyr,1353,7,4,1,FALSE
hybrid_call,dplyr,423,2,2,1,FALSE
distinct_,dplyr,4321,0,0,21,TRUE
glimpse,dplyr,1470,0,0,NA,FALSE
ensyms,dplyr,380,0,0,NA,FALSE
frame_data,dplyr,1470,0,0,NA,FALSE
quo_name,dplyr,380,0,0,NA,FALSE
tbl,dplyr,479,0,0,3,FALSE
group_modify,dplyr,5060,7,9,3,FALSE
data_frame_,dplyr,1470,0,0,NA,FALSE
group_walk,dplyr,5060,2,9,3,FALSE
count,dplyr,4129,13,11,5,FALSE
make_tbl,dplyr,715,0,0,1,FALSE
cume_dist,dplyr,2174,1,2,6,FALSE
is.grouped_df,dplyr,706,0,0,3,FALSE
group_cols,dplyr,898,2,2,1,FALSE
add_tally_,dplyr,4321,0,0,21,TRUE
as.tbl,dplyr,479,0,0,3,FALSE
select,dplyr,5858,19,19,2,FALSE
percent_rank,dplyr,2174,1,2,6,FALSE
validate_grouped_df,dplyr,1406,0,2,2,FALSE
grouped_df,dplyr,706,0,0,3,FALSE
combine,dplyr,1004,3,1,1,FALSE
add_tally,dplyr,4129,3,11,5,FALSE
row_number,dplyr,2174,4,2,6,FALSE
transmute,dplyr,6454,3,23,2,FALSE
sql_escape_string,dplyr,4362,0,0,28,FALSE
groups,dplyr,907,1,0,2,FALSE
quo,dplyr,380,0,0,NA,FALSE
changes,dplyr,562,2,0,2,FALSE
between,dplyr,544,2,0,1,FALSE
funs_,dplyr,4321,0,0,21,TRUE
collect,dplyr,1466,1,3,3,FALSE
group_rows,dplyr,1185,2,2,2,FALSE
ensym,dplyr,380,0,0,NA,FALSE
mutate_each,dplyr,1398,0,0,6,TRUE
all_vars,dplyr,1149,0,0,2,FALSE
starts_with,dplyr,1470,0,0,NA,FALSE
explain,dplyr,1551,4,4,2,FALSE
src_sqlite,dplyr,5039,0,13,5,FALSE
summarize_all,dplyr,6012,0,15,6,FALSE
add_row,dplyr,1470,0,0,NA,FALSE
recode,dplyr,6021,22,21,3,FALSE
tribble,dplyr,1470,0,0,NA,FALSE
db_rollback,dplyr,4362,0,0,28,FALSE
failwith,dplyr,487,0,0,1,TRUE
summarise_all,dplyr,6012,5,15,6,FALSE
summarize_if,dplyr,6012,0,15,6,FALSE
union_all,dplyr,1523,2,5,5,FALSE
enexpr,dplyr,380,0,0,NA,FALSE
fct_inseq,forcats,811,1,0,3,FALSE
fct_match,forcats,974,2,1,1,FALSE
fct_explicit_na,forcats,584,1,0,1,FALSE
lvls_expand,forcats,1466,1,0,3,FALSE
fct_shuffle,forcats,317,2,0,1,FALSE
fct_rev,forcats,299,1,0,1,FALSE
as_factor,forcats,943,2,0,10,FALSE
fct_count,forcats,766,3,0,1,FALSE
fct_cross,forcats,957,3,0,1,FALSE
fct_inorder,forcats,811,2,0,3,FALSE
lvls_revalue,forcats,1466,1,0,3,FALSE
fct_drop,forcats,786,3,1,1,FALSE
lvls_reorder,forcats,1466,1,0,3,FALSE
fct_unify,forcats,473,1,0,1,FALSE
lvls_union,forcats,325,1,0,1,FALSE
fct_c,forcats,639,2,1,1,FALSE
fct_infreq,forcats,811,1,0,3,FALSE
fct_reorder2,forcats,2284,1,1,3,FALSE
fct_shift,forcats,693,3,0,1,FALSE
fct_anon,forcats,600,3,0,1,FALSE
fct_relevel,forcats,1715,11,6,1,FALSE
fct_unique,forcats,333,1,2,1,FALSE
fct_recode,forcats,1107,4,3,1,FALSE
last2,forcats,2284,0,1,3,FALSE
fct_lump,forcats,2744,11,4,3,FALSE
fct_reorder,forcats,2284,3,1,3,FALSE
%>%,forcats,147,0,0,1,FALSE
fct_lump_min,forcats,2744,1,4,3,FALSE
fct_other,forcats,944,2,0,1,FALSE
fct_expand,forcats,593,2,0,1,FALSE
fct_relabel,forcats,1359,2,0,1,FALSE
fct_collapse,forcats,953,1,0,1,FALSE
scale_fill_brewer,ggplot2,5373,4,7,10,FALSE
scale_size,ggplot2,8036,5,3,7,FALSE
GeomLine,ggplot2,18399,0,0,NA,FALSE
ScaleContinuousIdentity,ggplot2,18399,0,0,NA,FALSE
geom_boxplot,ggplot2,9837,12,10,9,FALSE
guide_legend,ggplot2,6916,10,11,7,FALSE
ScaleDiscreteIdentity,ggplot2,18399,0,0,NA,FALSE
Layout,ggplot2,18399,0,0,NA,FALSE
scale_colour_ordinal,ggplot2,5069,0,8,10,FALSE
geom_hex,ggplot2,5070,5,3,6,FALSE
GeomRasterAnn,ggplot2,18399,0,0,NA,FALSE
panel_cols,ggplot2,700,0,0,3,FALSE
scale_colour_date,ggplot2,9257,0,7,18,FALSE
StatYdensity,ggplot2,18399,0,0,NA,FALSE
stat_bin_2d,ggplot2,4985,0,3,6,FALSE
scale_y_sqrt,ggplot2,7125,1,14,14,FALSE
aes_all,ggplot2,373,2,0,1,FALSE
alpha,ggplot2,608,2,0,NA,FALSE
scale_shape,ggplot2,4186,4,5,1,FALSE
position_dodge2,ggplot2,3963,5,11,3,FALSE
coord_sf,ggplot2,12597,1,10,19,FALSE
is.ggproto,ggplot2,2790,1,0,3,FALSE
annotation_custom,ggplot2,1773,2,3,2,FALSE
lims,ggplot2,1973,2,5,3,FALSE
scale_color_viridis_c,ggplot2,5069,0,8,10,FALSE
ScaleContinuous,ggplot2,18399,0,0,NA,FALSE
scale_color_viridis_d,ggplot2,5069,0,8,10,FALSE
PositionDodge2,ggplot2,18399,0,0,NA,FALSE
geom_step,ggplot2,8100,2,15,10,FALSE
GeomBar,ggplot2,18399,0,0,NA,FALSE
theme_grey,ggplot2,4754,0,3,20,FALSE
GeomLogticks,ggplot2,18399,0,0,NA,FALSE
labeller,ggplot2,4457,11,10,2,FALSE
quo_name,ggplot2,1175,0,0,NA,FALSE
layer_grob,ggplot2,1510,0,0,4,FALSE
scale_shape_manual,ggplot2,5996,0,5,7,FALSE
geom_bin2d,ggplot2,4985,4,3,6,FALSE
geom_errorbarh,ggplot2,3978,2,1,3,FALSE
ScaleDiscrete,ggplot2,18399,0,0,NA,FALSE
draw_key_text,ggplot2,2247,0,2,16,FALSE
scale_discrete_manual,ggplot2,5996,0,5,7,FALSE
PositionJitterdodge,ggplot2,18399,0,0,NA,FALSE
aes_string,ggplot2,2353,3,4,3,FALSE
Scale,ggplot2,18399,0,0,NA,FALSE
borders,ggplot2,4751,2,1,2,FALSE
draw_key_polygon,ggplot2,2247,0,2,16,FALSE
scale_color_brewer,ggplot2,5373,0,7,10,FALSE
draw_key_point,ggplot2,2247,0,2,16,FALSE
geom_tile,ggplot2,6838,4,9,10,FALSE
resolution,ggplot2,841,5,1,1,FALSE
guides,ggplot2,2218,10,9,1,FALSE
scale_fill_viridis_c,ggplot2,5069,2,8,10,FALSE
scale_color_identity,ggplot2,3715,1,4,8,FALSE
scale_fill_viridis_d,ggplot2,5069,3,8,10,FALSE
ggplot_build,ggplot2,1510,0,0,4,FALSE
update_labels,ggplot2,573,4,0,1,FALSE
enquos,ggplot2,1175,0,0,NA,FALSE
stat_summary_2d,ggplot2,5091,4,1,8,FALSE
Position,ggplot2,18399,0,0,NA,FALSE
wrap_dims,ggplot2,403,0,0,1,FALSE
vars,ggplot2,2230,4,13,1,FALSE
stat_ellipse,ggplot2,4728,7,0,4,FALSE
geom_count,ggplot2,5449,7,10,6,FALSE
label_context,ggplot2,4805,1,5,5,FALSE
geom_sf_text,ggplot2,12597,0,10,19,FALSE
StatBinhex,ggplot2,18399,0,0,NA,FALSE
draw_key_boxplot,ggplot2,2247,0,2,16,FALSE
geom_abline,ggplot2,5219,3,6,6,FALSE
GeomText,ggplot2,18399,0,0,NA,FALSE
coord_flip,ggplot2,2092,4,3,1,FALSE
geom_linerange,ggplot2,6312,1,8,12,FALSE
theme_minimal,ggplot2,4754,2,3,20,FALSE
StatSummaryHex,ggplot2,18399,0,0,NA,FALSE
stat_density_2d,ggplot2,6444,5,8,7,FALSE
scale_color_continuous,ggplot2,9257,0,7,18,FALSE
GeomTile,ggplot2,18399,0,0,NA,FALSE
cut_width,ggplot2,3058,4,0,4,FALSE
Facet,ggplot2,18399,0,0,NA,FALSE
enexpr,ggplot2,1175,0,0,NA,FALSE
PositionDodge,ggplot2,18399,0,0,NA,FALSE
map_data,ggplot2,1862,1,0,1,FALSE
theme_replace,ggplot2,3018,1,10,5,FALSE
scale_size_date,ggplot2,8036,0,3,7,FALSE
.data,ggplot2,1175,0,0,NA,FALSE
scale_size_ordinal,ggplot2,8036,0,3,7,FALSE
annotation_raster,ggplot2,1804,4,2,1,FALSE
PositionIdentity,ggplot2,18399,0,0,NA,FALSE
geom_path,ggplot2,8100,6,15,10,FALSE
label_parsed,ggplot2,4805,1,5,5,FALSE
geom_qq_line,ggplot2,6433,0,2,16,FALSE
FacetNull,ggplot2,18399,0,0,NA,FALSE
element_line,ggplot2,4494,1,0,12,FALSE
margin,ggplot2,4494,1,0,12,FALSE
draw_key_rect,ggplot2,2247,1,2,16,FALSE
scale_fill_continuous,ggplot2,1409,2,1,4,FALSE
draw_key_vpath,ggplot2,2247,0,2,16,FALSE
geom_smooth,ggplot2,9316,7,10,8,FALSE
scale_alpha,ggplot2,1522,2,0,4,FALSE
zeroGrob,ggplot2,190,0,0,1,FALSE
theme_set,ggplot2,3018,3,10,5,FALSE
stat_count,ggplot2,8551,0,15,9,FALSE
cut_number,ggplot2,3058,1,0,4,FALSE
theme_gray,ggplot2,4754,2,3,20,FALSE
expand_scale,ggplot2,1803,4,4,1,FALSE
scale_colour_gradientn,ggplot2,9257,1,7,18,FALSE
scale_size_area,ggplot2,8036,3,3,7,FALSE
geom_area,ggplot2,4896,1,2,6,FALSE
layer_scales,ggplot2,1510,0,0,4,FALSE
stat_identity,ggplot2,2722,1,0,2,FALSE
scale_fill_distiller,ggplot2,5373,2,7,10,FALSE
set_last_plot,ggplot2,251,0,0,1,FALSE
theme_classic,ggplot2,4754,2,3,20,FALSE
draw_key_smooth,ggplot2,2247,0,2,16,FALSE
scale_color_manual,ggplot2,5996,0,5,7,FALSE
.stroke,ggplot2,371,0,0,2,FALSE
scale_x_time,ggplot2,6915,0,4,28,FALSE
CoordPolar,ggplot2,18399,0,0,NA,FALSE
scale_colour_brewer,ggplot2,5373,5,7,10,FALSE
theme_dark,ggplot2,4754,2,3,20,FALSE
scale_alpha_discrete,ggplot2,1522,0,0,4,FALSE
scale_x_datetime,ggplot2,6915,0,4,28,FALSE
geom_curve,ggplot2,7409,4,2,8,FALSE
scale_size_datetime,ggplot2,8036,0,3,7,FALSE
GeomViolin,ggplot2,18399,0,0,NA,FALSE
mean_cl_boot,ggplot2,1112,1,0,4,FALSE
geom_map,ggplot2,5426,5,5,2,FALSE
ylab,ggplot2,2896,0,7,5,FALSE
GeomDensity,ggplot2,18399,0,0,NA,FALSE
scale_x_continuous,ggplot2,7125,6,14,14,FALSE
stat_sf_coordinates,ggplot2,5551,1,0,3,FALSE
xlab,ggplot2,2896,0,7,5,FALSE
stat_function,ggplot2,5490,12,7,4,FALSE
is.theme,ggplot2,229,0,0,1,FALSE
layer_data,ggplot2,1510,0,0,4,FALSE
GeomRaster,ggplot2,18399,0,0,NA,FALSE
geom_col,ggplot2,8551,2,15,9,FALSE
StatSummary,ggplot2,18399,0,0,NA,FALSE
%+replace%,ggplot2,3018,0,10,5,FALSE
geom_dotplot,ggplot2,9517,17,9,6,FALSE
panel_rows,ggplot2,700,0,0,3,FALSE
qplot,ggplot2,3285,16,7,8,FALSE
calc_element,ggplot2,989,2,3,1,FALSE
GeomLabel,ggplot2,18399,0,0,NA,FALSE
scale_size_identity,ggplot2,3715,1,4,8,FALSE
ggplot_gtable,ggplot2,868,0,0,1,FALSE
stat_ecdf,ggplot2,4114,3,2,3,FALSE
update_stat_defaults,ggplot2,789,0,0,2,FALSE
scale_color_hue,ggplot2,6449,0,6,6,FALSE
scale_color_distiller,ggplot2,5373,0,7,10,FALSE
scale_fill_discrete,ggplot2,6449,0,6,6,FALSE
position_dodge,ggplot2,3963,7,11,3,FALSE
GeomBoxplot,ggplot2,18399,0,0,NA,FALSE
CoordFixed,ggplot2,18399,0,0,NA,FALSE
annotation_map,ggplot2,1159,2,0,1,FALSE
StatDensity2d,ggplot2,18399,0,0,NA,FALSE
mean_cl_normal,ggplot2,1112,1,0,4,FALSE
GeomVline,ggplot2,18399,0,0,NA,FALSE
StatUnique,ggplot2,18399,0,0,NA,FALSE
scale_fill_gradient,ggplot2,9257,1,7,18,FALSE
facet_null,ggplot2,586,1,2,1,FALSE
discrete_scale,ggplot2,3591,0,0,5,FALSE
stat_qq_line,ggplot2,6433,4,2,16,FALSE
ScaleContinuousPosition,ggplot2,18399,0,0,NA,FALSE
stat_summary_bin,ggplot2,9735,1,18,9,FALSE
CoordMap,ggplot2,18399,0,0,NA,FALSE
summarise_layers,ggplot2,3033,1,0,3,FALSE
StatQqLine,ggplot2,18399,0,0,NA,FALSE
scale_colour_continuous,ggplot2,1409,0,1,4,FALSE
is.ggplot,ggplot2,234,0,0,1,FALSE
CoordQuickmap,ggplot2,18399,0,0,NA,FALSE
ggplotGrob,ggplot2,220,0,0,1,FALSE
autolayer,ggplot2,684,0,0,1,FALSE
GeomSf,ggplot2,12597,0,10,19,FALSE
GeomPoint,ggplot2,18399,0,0,NA,FALSE
stat_sf,ggplot2,12597,0,10,19,FALSE
StatBoxplot,ggplot2,18399,0,0,NA,FALSE
stat,ggplot2,1102,2,2,1,FALSE
.pt,ggplot2,371,0,0,2,FALSE
stat_unique,ggplot2,3269,0,0,3,FALSE
stat_bin2d,ggplot2,4985,0,3,6,FALSE
geom_density2d,ggplot2,6444,0,8,7,FALSE
update_geom_defaults,ggplot2,789,2,0,2,FALSE
theme_bw,ggplot2,4754,2,3,20,FALSE
scale_alpha_identity,ggplot2,3715,0,4,8,FALSE
coord_munch,ggplot2,782,0,0,1,FALSE
rel,ggplot2,4494,1,0,12,FALSE
render_axes,ggplot2,1168,0,0,1,FALSE
scale_color_gradient2,ggplot2,9257,0,7,18,FALSE
scale_color_discrete,ggplot2,6449,0,6,6,FALSE
quo,ggplot2,1175,0,0,NA,FALSE
StatIdentity,ggplot2,18399,0,0,NA,FALSE
scale_y_datetime,ggplot2,6915,0,4,28,FALSE
summarise_coord,ggplot2,3033,1,0,3,FALSE
stat_bin,ggplot2,10318,0,24,11,FALSE
StatSfCoordinates,ggplot2,5551,0,0,3,FALSE
gg_dep,ggplot2,1334,0,0,1,TRUE
stat_qq,ggplot2,6433,7,2,16,FALSE
StatEllipse,ggplot2,18399,0,0,NA,FALSE
GeomCustomAnn,ggplot2,18399,0,0,NA,FALSE
find_panel,ggplot2,700,0,0,3,FALSE
max_height,ggplot2,607,0,0,2,FALSE
theme_void,ggplot2,4754,2,3,20,FALSE
combine_vars,ggplot2,840,0,0,1,FALSE
enexprs,ggplot2,1175,0,0,NA,FALSE
PositionNudge,ggplot2,18399,0,0,NA,FALSE
geom_quantile,ggplot2,5518,6,4,8,FALSE
coord_cartesian,ggplot2,3449,4,15,2,FALSE
GeomAnnotationMap,ggplot2,18399,0,0,NA,FALSE
standardise_aes_names,ggplot2,690,0,0,1,FALSE
geom_text,ggplot2,9892,20,19,9,FALSE
theme,ggplot2,18432,23,16,24,FALSE
StatContour,ggplot2,18399,0,0,NA,FALSE
geom_label,ggplot2,9892,2,19,9,FALSE
draw_key_timeseries,ggplot2,2247,0,2,16,FALSE
transform_position,ggplot2,553,0,0,1,FALSE
ScaleDiscretePosition,ggplot2,18399,0,0,NA,FALSE
CoordCartesian,ggplot2,18399,0,0,NA,FALSE
Coord,ggplot2,18399,0,0,NA,FALSE
scale_y_date,ggplot2,6915,0,4,28,FALSE
guide_geom,ggplot2,596,0,0,4,FALSE
GeomBlank,ggplot2,18399,0,0,NA,FALSE
stat_summary2d,ggplot2,5091,0,1,8,FALSE
ggproto_parent,ggplot2,2790,1,0,3,FALSE
scale_discrete_identity,ggplot2,3715,0,4,8,FALSE
summarise_layout,ggplot2,3033,1,0,3,FALSE
GeomSmooth,ggplot2,18399,0,0,NA,FALSE
scale_fill_datetime,ggplot2,9257,0,7,18,FALSE
scale_linetype,ggplot2,3559,1,2,3,FALSE
geom_density_2d,ggplot2,6444,2,8,7,FALSE
annotate,ggplot2,2401,8,0,3,FALSE
geom_contour,ggplot2,6077,8,6,7,FALSE
StatBin,ggplot2,18399,0,0,NA,FALSE
scale_colour_identity,ggplot2,3715,0,4,8,FALSE
geom_raster,ggplot2,6838,5,9,10,FALSE
StatQq,ggplot2,18399,0,0,NA,FALSE
stat_contour,ggplot2,6077,0,6,7,FALSE
waiver,ggplot2,428,0,0,1,FALSE
is.facet,ggplot2,236,0,0,1,FALSE
geom_point,ggplot2,6674,17,11,3,FALSE
scale_x_sqrt,ggplot2,7125,0,14,14,FALSE
CoordSf,ggplot2,12597,0,10,19,FALSE
merge_element,ggplot2,903,1,1,7,FALSE
GeomHline,ggplot2,18399,0,0,NA,FALSE
scale_color_gradient,ggplot2,9257,0,7,18,FALSE
label_value,ggplot2,4805,2,5,5,FALSE
ensyms,ggplot2,1175,0,0,NA,FALSE
max_width,ggplot2,607,0,0,2,FALSE
arrow,ggplot2,608,0,0,NA,FALSE
geom_ribbon,ggplot2,4896,2,2,6,FALSE
scale_alpha_ordinal,ggplot2,1522,0,0,4,FALSE
scale_x_reverse,ggplot2,7125,0,14,14,FALSE
enquo,ggplot2,1175,0,0,NA,FALSE
coord_equal,ggplot2,2413,0,3,2,FALSE
scale_shape_discrete,ggplot2,4186,0,5,1,FALSE
StatEcdf,ggplot2,18399,0,0,NA,FALSE
geom_sf_label,ggplot2,12597,2,10,19,FALSE
quos,ggplot2,1175,0,0,NA,FALSE
geom_crossbar,ggplot2,6312,1,8,12,FALSE
is.Coord,ggplot2,169,0,0,1,FALSE
StatSf,ggplot2,12597,0,10,19,FALSE
geom_rug,ggplot2,5649,8,8,4,FALSE
StatCount,ggplot2,18399,0,0,NA,FALSE
PositionFill,ggplot2,18399,0,0,NA,FALSE
guide_colorbar,ggplot2,8957,0,11,20,FALSE
GeomContour,ggplot2,18399,0,0,NA,FALSE
expr,ggplot2,1175,0,0,NA,FALSE
position_jitterdodge,ggplot2,1879,1,0,2,FALSE
draw_key_pointrange,ggplot2,2247,0,2,16,FALSE
benchplot,ggplot2,617,3,1,1,FALSE
scale_type,ggplot2,839,3,0,1,FALSE
draw_key_blank,ggplot2,2247,0,2,16,FALSE
guide_gengrob,ggplot2,596,0,0,4,FALSE
scale_x_discrete,ggplot2,5318,4,7,2,FALSE
stat_spoke,ggplot2,4061,0,0,3,FALSE
draw_key_dotplot,ggplot2,2247,0,2,16,FALSE
GeomErrorbar,ggplot2,18399,0,0,NA,FALSE
GeomRibbon,ggplot2,18399,0,0,NA,FALSE
GeomCurve,ggplot2,18399,0,0,NA,FALSE
GeomSegment,ggplot2,18399,0,0,NA,FALSE
ggproto,ggplot2,2790,4,0,3,FALSE
facet_grid,ggplot2,6453,12,20,4,FALSE
as_labeller,ggplot2,1754,2,5,1,FALSE
ylim,ggplot2,1973,0,5,3,FALSE
labs,ggplot2,2896,7,7,5,FALSE
xlim,ggplot2,1973,3,5,3,FALSE
ScaleContinuousDate,ggplot2,18399,0,0,NA,FALSE
ggplot,ggplot2,3646,5,11,2,FALSE
scale_linetype_discrete,ggplot2,3559,0,2,3,FALSE
cut_interval,ggplot2,3058,2,0,4,FALSE
draw_key_crossbar,ggplot2,2247,0,2,16,FALSE
scale_linetype_continuous,ggplot2,3559,0,2,3,FALSE
last_plot,ggplot2,239,0,0,1,FALSE
geom_polygon,ggplot2,6576,4,11,3,FALSE
ScaleContinuousDatetime,ggplot2,18399,0,0,NA,FALSE
scale_fill_gradientn,ggplot2,9257,1,7,18,FALSE
GeomCrossbar,ggplot2,18399,0,0,NA,FALSE
guide_colourbar,ggplot2,8957,11,11,20,FALSE
StatBindot,ggplot2,18399,0,0,NA,FALSE
geom_rect,ggplot2,6838,2,9,10,FALSE
stat_binhex,ggplot2,5070,0,3,6,FALSE
mean_se,ggplot2,455,1,0,1,FALSE
aes_q,ggplot2,2353,0,4,3,FALSE
quickplot,ggplot2,3285,0,7,8,FALSE
GeomHex,ggplot2,18399,0,0,NA,FALSE
theme_update,ggplot2,3018,1,10,5,FALSE
geom_hline,ggplot2,5219,3,6,6,FALSE
autoplot,ggplot2,683,0,0,1,FALSE
geom_spoke,ggplot2,4061,2,0,3,FALSE
median_hilow,ggplot2,1112,1,0,4,FALSE
dup_axis,ggplot2,3985,2,7,5,FALSE
StatDensity,ggplot2,18399,0,0,NA,FALSE
scale_linetype_identity,ggplot2,3715,0,4,8,FALSE
scale_y_reverse,ggplot2,7125,1,14,14,FALSE
Stat,ggplot2,18399,0,0,NA,FALSE
ggplot_add,ggplot2,556,0,0,1,FALSE
geom_violin,ggplot2,8061,18,16,8,FALSE
sec_axis,ggplot2,3985,3,7,5,FALSE
theme_get,ggplot2,3018,0,10,5,FALSE
GeomErrorbarh,ggplot2,18399,0,0,NA,FALSE
stat_summary,ggplot2,9735,9,18,9,FALSE
scale_fill_grey,ggplot2,5309,0,2,4,FALSE
draw_key_vline,ggplot2,2247,0,2,16,FALSE
element_rect,ggplot2,4494,2,0,12,FALSE
stat_summary_hex,ggplot2,5091,1,1,8,FALSE
scale_fill_hue,ggplot2,6449,0,6,6,FALSE
StatSmooth,ggplot2,18399,0,0,NA,FALSE
scale_size_discrete,ggplot2,8036,0,3,7,FALSE
scale_y_discrete,ggplot2,5318,0,7,2,FALSE
stat_boxplot,ggplot2,9837,0,10,9,FALSE
should_stop,ggplot2,367,2,0,1,FALSE
theme_linedraw,ggplot2,4754,2,3,20,FALSE
GeomQuantile,ggplot2,18399,0,0,NA,FALSE
geom_jitter,ggplot2,5491,6,3,3,FALSE
geom_blank,ggplot2,2872,0,1,2,FALSE
geom_pointrange,ggplot2,6312,1,8,12,FALSE
scale_fill_gradient2,ggplot2,9257,0,7,18,FALSE
GeomRect,ggplot2,18399,0,0,NA,FALSE
scale_colour_gradient,ggplot2,9257,3,7,18,FALSE
scale_fill_manual,ggplot2,5996,0,5,7,FALSE
scale_colour_manual,ggplot2,5996,7,5,7,FALSE
element_blank,ggplot2,4494,2,0,12,FALSE
PositionStack,ggplot2,18399,0,0,NA,FALSE
label_wrap_gen,ggplot2,4805,0,5,5,FALSE
scale_x_log10,ggplot2,7125,0,14,14,FALSE
geom_errorbar,ggplot2,6312,6,8,12,FALSE
scale_y_time,ggplot2,6915,0,4,28,FALSE
draw_key_path,ggplot2,2247,0,2,16,FALSE
geom_histogram,ggplot2,10318,12,24,11,FALSE
CoordFlip,ggplot2,18399,0,0,NA,FALSE
scale_y_continuous,ggplot2,7125,4,14,14,FALSE
label_both,ggplot2,4805,1,5,5,FALSE
scale_alpha_date,ggplot2,1522,0,0,4,FALSE
derive,ggplot2,3985,1,7,5,FALSE
theme_light,ggplot2,4754,2,3,20,FALSE
stat_bin_hex,ggplot2,5070,0,3,6,FALSE
remove_missing,ggplot2,1042,0,0,2,FALSE
scale_fill_identity,ggplot2,3715,3,4,8,FALSE
GeomSpoke,ggplot2,18399,0,0,NA,FALSE
aes,ggplot2,3294,15,13,1,FALSE
label_bquote,ggplot2,1069,3,2,1,FALSE
sym,ggplot2,1175,0,0,NA,FALSE
GeomDotplot,ggplot2,18399,0,0,NA,FALSE
scale_alpha_manual,ggplot2,5996,0,5,7,FALSE
scale_size_manual,ggplot2,5996,0,5,7,FALSE
GeomRug,ggplot2,18399,0,0,NA,FALSE
expand_limits,ggplot2,929,5,0,1,FALSE
stat_quantile,ggplot2,5518,0,4,8,FALSE
scale_colour_viridis_c,ggplot2,5069,0,8,10,FALSE
scale_fill_date,ggplot2,9257,0,7,18,FALSE
stat_smooth,ggplot2,9316,0,10,8,FALSE
scale_colour_viridis_d,ggplot2,5069,5,8,10,FALSE
coord_map,ggplot2,5390,10,15,4,FALSE
draw_key_label,ggplot2,2247,0,2,16,FALSE
stat_ydensity,ggplot2,8061,0,16,8,FALSE
coord_polar,ggplot2,2479,7,12,1,FALSE
annotation_logticks,ggplot2,4169,7,9,4,FALSE
aes_,ggplot2,2353,7,4,3,FALSE
fortify,ggplot2,603,0,0,1,TRUE
scale_colour_grey,ggplot2,5309,5,2,4,FALSE
AxisSecondary,ggplot2,18399,0,0,NA,FALSE
guide_train,ggplot2,596,0,0,4,FALSE
scale_size_continuous,ggplot2,8036,0,3,7,FALSE
CoordTrans,ggplot2,18399,0,0,NA,FALSE
FacetGrid,ggplot2,18399,0,0,NA,FALSE
GeomStep,ggplot2,18399,0,0,NA,FALSE
scale_radius,ggplot2,8036,2,3,7,FALSE
geom_vline,ggplot2,5219,2,6,6,FALSE
ggtitle,ggplot2,2896,0,7,5,FALSE
position_stack,ggplot2,6037,4,20,2,FALSE
coord_trans,ggplot2,3320,5,17,2,FALSE
GeomPolygon,ggplot2,18399,0,0,NA,FALSE
coord_quickmap,ggplot2,5390,1,15,4,FALSE
geom_density,ggplot2,6958,8,6,7,FALSE
geom_qq,ggplot2,6433,0,2,16,FALSE
scale_color_grey,ggplot2,5309,0,2,4,FALSE
element_grob,ggplot2,477,0,0,1,FALSE
coord_fixed,ggplot2,2413,4,3,2,FALSE
%+%,ggplot2,1793,0,3,4,FALSE
position_fill,ggplot2,6037,0,20,2,FALSE
facet_wrap,ggplot2,5614,9,17,3,FALSE
scale_y_log10,ggplot2,7125,1,14,14,FALSE
scale_colour_discrete,ggplot2,6449,0,6,6,FALSE
StatSummaryBin,ggplot2,18399,0,0,NA,FALSE
scale_shape_continuous,ggplot2,4186,0,5,1,FALSE
mean_sdl,ggplot2,1112,1,0,4,FALSE
draw_key_abline,ggplot2,2247,0,2,16,FALSE
GeomPath,ggplot2,18399,0,0,NA,FALSE
scale_linetype_manual,ggplot2,5996,0,5,7,FALSE
StatSum,ggplot2,18399,0,0,NA,FALSE
GeomCol,ggplot2,18399,0,0,NA,FALSE
GeomLinerange,ggplot2,18399,0,0,NA,FALSE
geom_bar,ggplot2,8551,7,15,9,FALSE
geom_freqpoly,ggplot2,10318,2,24,11,FALSE
scale_alpha_datetime,ggplot2,1522,0,0,4,FALSE
position_nudge,ggplot2,1241,1,1,1,FALSE
scale_alpha_continuous,ggplot2,1522,0,0,4,FALSE
stat_density2d,ggplot2,6444,0,8,7,FALSE
geom_sf,ggplot2,12597,12,10,19,FALSE
aes_auto,ggplot2,332,0,0,1,FALSE
unit,ggplot2,608,0,0,NA,FALSE
GeomMap,ggplot2,18399,0,0,NA,FALSE
render_strips,ggplot2,721,0,0,1,FALSE
scale_color_gradientn,ggplot2,9257,0,7,18,FALSE
PositionJitter,ggplot2,18399,0,0,NA,FALSE
StatBin2d,ggplot2,18399,0,0,NA,FALSE
scale_continuous_identity,ggplot2,3715,0,4,8,FALSE
continuous_scale,ggplot2,4853,0,0,5,FALSE
StatSummary2d,ggplot2,18399,0,0,NA,FALSE
element_text,ggplot2,4494,1,0,12,FALSE
StatFunction,ggplot2,18399,0,0,NA,FALSE
scale_shape_ordinal,ggplot2,4186,0,5,1,FALSE
scale_fill_ordinal,ggplot2,5069,0,8,10,FALSE
ensym,ggplot2,1175,0,0,NA,FALSE
scale_x_date,ggplot2,6915,4,4,28,FALSE
scale_colour_hue,ggplot2,6449,12,6,6,FALSE
FacetWrap,ggplot2,18399,0,0,NA,FALSE
stat_density,ggplot2,6958,0,6,7,FALSE
geom_line,ggplot2,8100,12,15,10,FALSE
syms,ggplot2,1175,0,0,NA,FALSE
layer,ggplot2,4042,3,3,4,FALSE
layer_sf,ggplot2,3487,0,0,3,FALSE
Geom,ggplot2,18399,0,0,NA,FALSE
ggsave,ggplot2,3102,5,3,3,FALSE
scale_shape_identity,ggplot2,3715,0,4,8,FALSE
GeomAbline,ggplot2,18399,0,0,NA,FALSE
scale_colour_distiller,ggplot2,5373,0,7,10,FALSE
position_jitter,ggplot2,2658,2,6,1,FALSE
stat_sum,ggplot2,5449,0,10,6,FALSE
scale_colour_datetime,ggplot2,9257,0,7,18,FALSE
GeomArea,ggplot2,18399,0,0,NA,FALSE
theme_test,ggplot2,4754,0,3,20,FALSE
geom_segment,ggplot2,7409,5,2,8,FALSE
GeomDensity2d,ggplot2,18399,0,0,NA,FALSE
position_identity,ggplot2,436,0,0,1,FALSE
StatQuantile,ggplot2,18399,0,0,NA,FALSE
GeomPointrange,ggplot2,18399,0,0,NA,FALSE
scale_colour_gradient2,ggplot2,9257,1,7,18,FALSE
guide_merge,ggplot2,596,0,0,4,FALSE
trim,glue,1110,0,0,1,FALSE
glue_sql,glue,5383,12,11,3,FALSE
single_quote,glue,515,0,0,3,FALSE
as_glue,glue,268,0,0,1,FALSE
glue_col,glue,2254,4,0,2,FALSE
glue,glue,3916,7,5,5,FALSE
backtick,glue,515,1,0,3,FALSE
glue_collapse,glue,890,3,2,1,FALSE
glue_data_sql,glue,5383,0,11,3,FALSE
glue_data,glue,3916,2,5,5,FALSE
double_quote,glue,515,0,0,3,FALSE
identity_transformer,glue,571,0,0,1,FALSE
collapse,glue,282,0,0,1,TRUE
glue_data_col,glue,2254,0,0,2,FALSE
drive_upload,googledrive,5739,6,15,2,FALSE
as_team_drive,googledrive,1558,2,2,1,FALSE
drive_share,googledrive,2951,3,5,3,FALSE
confirm_some_files,googledrive,1436,1,1,13,FALSE
grab_data,googledrive,740,1,0,1,FALSE
drive_auth_configure,googledrive,3150,3,6,3,FALSE
drive_mkdir,googledrive,4162,6,11,2,FALSE
drive_get,googledrive,4986,15,11,2,FALSE
drive_rename,googledrive,2635,3,6,1,FALSE
drive_find,googledrive,7308,18,16,3,FALSE
single_file,googledrive,1436,2,1,13,FALSE
%>%,googledrive,156,0,0,1,FALSE
do_request,googledrive,4146,0,10,4,FALSE
do_paginated_request,googledrive,4146,1,10,4,FALSE
drive_deauth,googledrive,1089,1,0,1,FALSE
drive_endpoint,googledrive,1879,3,0,2,FALSE
confirm_single_file,googledrive,1436,1,1,13,FALSE
drive_reveal,googledrive,4135,6,8,2,FALSE
drive_auth_config,googledrive,711,0,0,1,TRUE
drive_about,googledrive,903,2,1,1,FALSE
drive_has_token,googledrive,470,1,0,1,FALSE
drive_empty_trash,googledrive,345,0,0,1,FALSE
drive_publish,googledrive,1920,1,4,2,FALSE
drive_cp,googledrive,5093,8,18,2,FALSE
some_files,googledrive,1436,2,1,13,FALSE
no_file,googledrive,1436,1,1,13,FALSE
prep_fields,googledrive,2098,1,3,2,FALSE
drive_extension,googledrive,750,2,2,1,FALSE
expose,googledrive,970,2,0,1,FALSE
drive_auth,googledrive,5955,5,8,4,FALSE
drive_put,googledrive,3607,7,7,2,FALSE
drive_example,googledrive,428,2,0,1,FALSE
is_mine,googledrive,1436,1,1,13,FALSE
is_team_drivy,googledrive,1436,0,1,13,FALSE
drive_endpoints,googledrive,1879,1,0,2,FALSE
team_drive_rm,googledrive,1682,4,5,1,FALSE
is_native,googledrive,1436,0,1,13,FALSE
drive_api_key,googledrive,3150,2,6,3,FALSE
drive_download,googledrive,2830,3,6,2,FALSE
drive_fields,googledrive,2098,2,3,2,FALSE
drive_oauth_app,googledrive,3150,2,6,3,FALSE
drive_user,googledrive,888,2,1,1,FALSE
drive_rm,googledrive,1596,2,4,1,FALSE
drive_trash,googledrive,1213,1,4,2,FALSE
team_drive_create,googledrive,1121,1,1,1,FALSE
is_folder,googledrive,1436,1,1,13,FALSE
drive_mime_type,googledrive,1382,4,4,1,FALSE
drive_token,googledrive,1133,1,0,1,FALSE
drive_update,googledrive,2707,5,9,1,FALSE
as_dribble,googledrive,2432,3,2,1,FALSE
is_team_drive,googledrive,1436,0,1,13,FALSE
drive_link,googledrive,744,1,2,1,FALSE
is_parental,googledrive,1436,0,1,13,FALSE
drive_browse,googledrive,604,1,0,1,FALSE
request_generate,googledrive,3404,1,0,2,FALSE
drive_untrash,googledrive,1213,1,4,2,FALSE
is_dribble,googledrive,1436,1,1,13,FALSE
request_make,googledrive,4146,0,10,4,FALSE
team_drive_find,googledrive,1639,1,0,1,FALSE
drive_ls,googledrive,1786,4,5,1,FALSE
confirm_dribble,googledrive,1436,0,1,13,FALSE
drive_mv,googledrive,4335,6,14,2,FALSE
as_id,googledrive,887,5,1,1,FALSE
team_drive_get,googledrive,1852,6,0,1,FALSE
team_drive_update,googledrive,1933,2,4,1,FALSE
drive_unpublish,googledrive,1920,1,4,2,FALSE
drive_create,googledrive,5009,7,16,2,FALSE
zap_missing,haven,777,3,1,1,FALSE
read_dta,haven,2923,2,0,3,FALSE
zap_label,haven,791,4,1,1,FALSE
read_spss,haven,3156,0,0,4,FALSE
labelled,haven,2078,8,6,2,FALSE
write_xpt,haven,1980,1,0,2,FALSE
write_sas,haven,1656,0,0,3,FALSE
labelled_spss,haven,1557,2,1,2,FALSE
as_factor,haven,2190,4,4,11,FALSE
write_sav,haven,3156,1,0,4,FALSE
zap_labels,haven,1145,4,1,1,FALSE
print_labels,haven,661,1,0,1,FALSE
zap_formats,haven,686,0,0,1,FALSE
is.labelled,haven,2078,0,6,2,FALSE
zap_widths,haven,626,0,0,1,FALSE
format_tagged_na,haven,1819,0,6,5,FALSE
write_dta,haven,2923,1,0,3,FALSE
read_xpt,haven,1980,1,0,2,FALSE
read_stata,haven,2923,1,0,3,FALSE
read_sas,haven,1656,1,0,3,FALSE
tagged_na,haven,1819,6,6,5,FALSE
read_sav,haven,3156,2,0,4,FALSE
na_tag,haven,1819,3,6,5,FALSE
is_tagged_na,haven,1819,3,6,5,FALSE
print_tagged_na,haven,1819,2,6,5,FALSE
zap_empty,haven,558,1,0,1,FALSE
read_por,haven,3156,0,0,4,FALSE
hms,hms,3568,10,1,24,FALSE
as_hms,hms,3568,3,1,24,FALSE
as.hms,hms,1525,0,0,13,TRUE
round_hms,hms,670,2,0,2,FALSE
parse_hms,hms,689,2,0,2,FALSE
vec_cast.hms,hms,612,0,0,3,FALSE
is_hms,hms,3568,0,1,24,FALSE
parse_hm,hms,689,3,0,2,FALSE
is.hms,hms,1525,0,0,13,TRUE
new_hms,hms,3568,2,1,24,FALSE
vec_ptype2.hms,hms,962,0,0,3,FALSE
trunc_hms,hms,670,1,0,2,FALSE
dst,lubridate,686,1,0,1,FALSE
am,lubridate,377,1,0,2,FALSE
month,lubridate,1468,8,0,2,FALSE
make_datetime,lubridate,1274,2,0,3,FALSE
is.duration,lubridate,4854,2,17,12,FALSE
int_aligns,lubridate,7776,2,8,14,FALSE
now,lubridate,717,6,3,1,FALSE
int_flip,lubridate,7776,1,8,14,FALSE
days_in_month,lubridate,449,0,0,1,FALSE
is.POSIXlt,lubridate,610,0,2,3,FALSE
minute<-,lubridate,681,0,0,2,FALSE
yday<-,lubridate,2594,0,5,12,FALSE
year<-,lubridate,1068,0,0,4,FALSE
emicroseconds,lubridate,1285,0,0,16,TRUE
%within%,lubridate,1718,5,5,1,FALSE
int_standardize,lubridate,7776,1,8,14,FALSE
new_interval,lubridate,1285,0,0,16,TRUE
int_overlaps,lubridate,7776,2,8,14,FALSE
mdy_hm,lubridate,6587,0,8,24,FALSE
dseconds,lubridate,4854,1,17,12,FALSE
int_shift,lubridate,7776,2,8,14,FALSE
nanoseconds,lubridate,6504,0,21,15,FALSE
decimal_date,lubridate,452,1,1,1,FALSE
ms,lubridate,1555,5,0,3,FALSE
new_duration,lubridate,1285,0,0,16,TRUE
leap_year,lubridate,657,5,5,1,FALSE
month<-,lubridate,1468,0,0,2,FALSE
int_start,lubridate,7776,2,8,14,FALSE
make_difftime,lubridate,2496,10,7,1,FALSE
hour<-,lubridate,694,0,0,2,FALSE
olson_time_zones,lubridate,1285,0,0,16,TRUE
force_tzs,lubridate,2898,3,2,2,FALSE
as_datetime,lubridate,2927,0,1,26,FALSE
is.difftime,lubridate,543,2,2,1,FALSE
as_date,lubridate,2927,3,1,26,FALSE
day,lubridate,2594,10,5,12,FALSE
is.Date,lubridate,474,2,2,1,FALSE
epiyear,lubridate,1068,0,0,4,FALSE
round_date,lubridate,6622,14,5,6,FALSE
qday<-,lubridate,2594,0,5,12,FALSE
hour,lubridate,694,4,0,2,FALSE
int_diff,lubridate,7776,1,8,14,FALSE
milliseconds,lubridate,6504,0,21,15,FALSE
ceiling_date,lubridate,6622,16,5,6,FALSE
yq,lubridate,4639,0,5,13,FALSE
period_to_seconds,lubridate,787,0,0,2,FALSE
origin,lubridate,409,1,0,1,FALSE
myd,lubridate,4639,0,5,13,FALSE
interval,lubridate,7776,24,8,14,FALSE
seconds,lubridate,6504,0,21,15,FALSE
mdy_hms,lubridate,6587,0,8,24,FALSE
microseconds,lubridate,6504,0,21,15,FALSE
force_tz,lubridate,2898,7,2,2,FALSE
is.timespan,lubridate,599,2,2,1,FALSE
is.POSIXct,lubridate,610,0,2,3,FALSE
dmicroseconds,lubridate,4854,0,17,12,FALSE
quarter,lubridate,1032,3,0,2,FALSE
int_start<-,lubridate,7776,0,8,14,FALSE
mday<-,lubridate,2594,0,5,12,FALSE
emilliseconds,lubridate,1285,0,0,16,TRUE
days,lubridate,6504,9,21,15,FALSE
period,lubridate,6504,24,21,15,FALSE
parse_date_time2,lubridate,15963,3,15,6,FALSE
%m+%,lubridate,3412,0,3,2,FALSE
week,lubridate,1416,4,0,4,FALSE
today,lubridate,551,4,2,1,FALSE
as.interval,lubridate,2069,7,4,1,FALSE
year,lubridate,1068,3,0,4,FALSE
floor_date,lubridate,6622,12,5,6,FALSE
dmy_h,lubridate,6587,1,8,24,FALSE
pm,lubridate,377,1,0,2,FALSE
dmy,lubridate,4639,2,5,13,FALSE
make_date,lubridate,1274,2,0,3,FALSE
tz<-,lubridate,2681,0,0,2,FALSE
mdy,lubridate,4639,1,5,13,FALSE
guess_formats,lubridate,2848,8,3,2,FALSE
stamp,lubridate,3304,10,2,4,FALSE
stamp_date,lubridate,3304,0,2,4,FALSE
date<-,lubridate,959,0,1,2,FALSE
dpicoseconds,lubridate,4854,0,17,12,FALSE
is.interval,lubridate,7776,2,8,14,FALSE
here,lubridate,1285,0,0,16,TRUE
mdy_h,lubridate,6587,0,8,24,FALSE
dym,lubridate,4639,0,5,13,FALSE
weeks,lubridate,6504,0,21,15,FALSE
dminutes,lubridate,4854,2,17,12,FALSE
qday,lubridate,2594,0,5,12,FALSE
new_period,lubridate,1285,0,0,16,TRUE
duration,lubridate,4854,23,17,12,FALSE
isoyear,lubridate,1068,0,0,4,FALSE
week<-,lubridate,1416,0,0,4,FALSE
eweeks,lubridate,1285,0,0,16,TRUE
epicoseconds,lubridate,1285,0,0,16,TRUE
ydm_h,lubridate,6587,0,8,24,FALSE
fit_to_timeline,lubridate,3147,2,12,1,FALSE
hms,lubridate,1555,2,0,3,FALSE
wday,lubridate,2594,5,5,12,FALSE
seconds_to_period,lubridate,787,0,0,2,FALSE
day<-,lubridate,2594,0,5,12,FALSE
%m-%,lubridate,3412,1,3,2,FALSE
rollback,lubridate,1266,6,0,1,FALSE
second,lubridate,681,4,0,2,FALSE
pretty_dates,lubridate,1041,1,0,1,FALSE
years,lubridate,6504,1,21,15,FALSE
ydm_hms,lubridate,6587,0,8,24,FALSE
wday<-,lubridate,2594,0,5,12,FALSE
eyears,lubridate,1285,0,0,16,TRUE
hm,lubridate,1555,5,0,3,FALSE
second<-,lubridate,681,0,0,2,FALSE
new_difftime,lubridate,1285,0,0,16,TRUE
time_length,lubridate,1639,5,3,4,FALSE
hours,lubridate,6504,9,21,15,FALSE
ymd,lubridate,4639,6,5,13,FALSE
dmilliseconds,lubridate,4854,0,17,12,FALSE
ehours,lubridate,1285,0,0,16,TRUE
ydm_hm,lubridate,6587,0,8,24,FALSE
edays,lubridate,1285,0,0,16,TRUE
minute,lubridate,681,4,0,2,FALSE
stamp_time,lubridate,3304,0,2,4,FALSE
int_end,lubridate,7776,2,8,14,FALSE
ymd_h,lubridate,6587,8,8,24,FALSE
dmy_hms,lubridate,6587,1,8,24,FALSE
int_end<-,lubridate,7776,0,8,14,FALSE
picoseconds,lubridate,6504,0,21,15,FALSE
dmy_hm,lubridate,6587,1,8,24,FALSE
semester,lubridate,1032,2,0,2,FALSE
with_tz,lubridate,1194,1,0,1,FALSE
local_time,lubridate,1096,5,0,1,FALSE
ymd_hms,lubridate,6587,6,8,24,FALSE
ymd_hm,lubridate,6587,8,8,24,FALSE
as.period,lubridate,3815,6,2,1,FALSE
is.instant,lubridate,679,1,2,2,FALSE
parse_date_time,lubridate,15963,16,15,6,FALSE
is.period,lubridate,6504,2,21,15,FALSE
reclass_timespan,lubridate,421,0,0,1,FALSE
dweeks,lubridate,4854,1,17,12,FALSE
eseconds,lubridate,1285,0,0,16,TRUE
minutes,lubridate,6504,4,21,15,FALSE
mday,lubridate,2594,2,5,12,FALSE
date,lubridate,959,3,1,2,FALSE
eminutes,lubridate,1285,0,0,16,TRUE
reclass_date,lubridate,227,0,0,1,FALSE
dnanoseconds,lubridate,4854,0,17,12,FALSE
int_length,lubridate,7776,1,8,14,FALSE
ydm,lubridate,4639,0,5,13,FALSE
epiweek,lubridate,1416,0,0,4,FALSE
tz,lubridate,2681,10,0,2,FALSE
fast_strptime,lubridate,15963,1,15,6,FALSE
%--%,lubridate,7776,0,8,14,FALSE
dyears,lubridate,4854,0,17,12,FALSE
yday,lubridate,2594,3,5,12,FALSE
ddays,lubridate,4854,5,17,12,FALSE
enanoseconds,lubridate,1285,0,0,16,TRUE
add_with_rollback,lubridate,3412,0,3,2,FALSE
is.timepoint,lubridate,679,1,2,2,FALSE
as.duration,lubridate,1866,2,2,1,FALSE
isoweek,lubridate,1416,0,0,4,FALSE
date_decimal,lubridate,734,1,2,1,FALSE
is.POSIXt,lubridate,610,2,2,3,FALSE
dhours,lubridate,4854,5,17,12,FALSE
multiply_by_matrix,magrittr,3220,0,0,NA,FALSE
raise_to_power,magrittr,3220,0,0,NA,FALSE
inset2,magrittr,3220,0,0,NA,FALSE
extract,magrittr,3220,1,0,NA,FALSE
divide_by_int,magrittr,3220,1,0,NA,FALSE
%$%,magrittr,1020,0,0,1,FALSE
%T>%,magrittr,870,1,1,1,FALSE
is_less_than,magrittr,3220,0,0,NA,FALSE
undebug_fseq,magrittr,465,0,0,2,FALSE
multiply_by,magrittr,3220,0,0,NA,FALSE
or,magrittr,3220,1,0,NA,FALSE
use_series,magrittr,3220,1,0,NA,FALSE
equals,magrittr,3220,0,0,NA,FALSE
set_rownames,magrittr,3220,0,0,NA,FALSE
not,magrittr,3220,0,0,NA,FALSE
add,magrittr,3220,1,0,NA,FALSE
inset,magrittr,3220,0,0,NA,FALSE
and,magrittr,3220,0,0,NA,FALSE
debug_pipe,magrittr,334,0,0,1,FALSE
divide_by,magrittr,3220,1,0,NA,FALSE
debug_fseq,magrittr,465,0,0,2,FALSE
set_names,magrittr,3220,0,0,NA,FALSE
mod,magrittr,3220,0,0,NA,FALSE
%>%,magrittr,5997,10,8,1,FALSE
%<>%,magrittr,1480,3,1,1,FALSE
extract2,magrittr,3220,0,0,NA,FALSE
n'est pas,magrittr,3220,0,0,NA,FALSE
set_colnames,magrittr,3220,0,0,NA,FALSE
subtract,magrittr,3220,0,0,NA,FALSE
freduce,magrittr,475,0,0,1,FALSE
is_weakly_less_than,magrittr,3220,0,0,NA,FALSE
is_in,magrittr,3220,0,0,NA,FALSE
is_weakly_greater_than,magrittr,3220,0,0,NA,FALSE
functions,magrittr,400,0,0,1,FALSE
is_greater_than,magrittr,3220,0,0,NA,FALSE
pmap_chr,purrr,6627,1,13,18,FALSE
invoke_map_df,purrr,5160,0,14,9,FALSE
as_vector,purrr,1830,4,7,3,FALSE
is_vector,purrr,1720,0,0,NA,FALSE
imap_int,purrr,2977,0,2,9,FALSE
modify,purrr,8894,16,21,18,FALSE
possibly,purrr,3556,2,8,4,FALSE
is_bare_logical,purrr,1720,0,0,NA,FALSE
map_dfr,purrr,6427,2,17,9,FALSE
invoke_map,purrr,5160,8,14,9,FALSE
invoke_map_dfc,purrr,5160,0,14,9,FALSE
map_at,purrr,5040,2,7,3,FALSE
pmap_lgl,purrr,6627,0,13,18,FALSE
is_scalar_logical,purrr,1720,0,0,NA,FALSE
list_along,purrr,602,1,0,1,FALSE
is_empty,purrr,1720,0,0,NA,FALSE
when,purrr,1769,4,0,1,FALSE
modify2,purrr,8894,2,21,18,FALSE
invoke,purrr,5160,12,14,9,FALSE
lift_dl,purrr,6911,7,38,7,FALSE
flatten_dfr,purrr,2050,0,2,8,FALSE
is_scalar_integer,purrr,1720,0,0,NA,FALSE
at_depth,purrr,2000,0,0,1,FALSE
auto_browse,purrr,3556,3,8,4,FALSE
map,purrr,6427,19,17,9,FALSE
cross_df,purrr,4448,3,17,4,FALSE
map_dfc,purrr,6427,0,17,9,FALSE
map_raw,purrr,6427,0,17,9,FALSE
modify_if,purrr,8894,4,21,18,FALSE
invoke_map_dfr,purrr,5160,0,14,9,FALSE
splice,purrr,928,2,1,1,FALSE
flatten_int,purrr,2050,2,2,8,FALSE
array_branch,purrr,2209,3,13,2,FALSE
prepend,purrr,944,3,0,1,FALSE
zap,purrr,239,0,0,NA,FALSE
discard,purrr,1916,2,4,3,FALSE
modify_in,purrr,1857,3,6,2,FALSE
is_bare_integer,purrr,1720,0,0,NA,FALSE
flatten_lgl,purrr,2050,0,2,8,FALSE
pmap_dbl,purrr,6627,2,13,18,FALSE
map2_chr,purrr,6627,0,13,18,FALSE
vec_depth,purrr,420,2,0,1,FALSE
invoke_map_lgl,purrr,5160,0,14,9,FALSE
compact,purrr,1916,2,4,3,FALSE
is_numeric,purrr,636,0,0,2,TRUE
flatten_dfc,purrr,2050,0,2,8,FALSE
map2,purrr,6627,8,13,18,FALSE
map2_lgl,purrr,6627,0,13,18,FALSE
rdunif,purrr,424,2,0,1,FALSE
walk2,purrr,6627,0,13,18,FALSE
imap_raw,purrr,2977,0,2,9,FALSE
map_df,purrr,6427,2,17,9,FALSE
is_bare_vector,purrr,1720,0,0,NA,FALSE
%>%,purrr,115,0,0,1,FALSE
array_tree,purrr,2209,2,13,2,FALSE
map2_df,purrr,6627,4,13,18,FALSE
partial,purrr,3025,11,13,1,FALSE
invoke_map_int,purrr,5160,0,14,9,FALSE
map_chr,purrr,6427,1,17,9,FALSE
is_rate,purrr,1732,0,3,4,FALSE
set_names,purrr,264,0,0,NA,FALSE
lift,purrr,6911,26,38,7,FALSE
imap_lgl,purrr,2977,0,2,9,FALSE
rate_reset,purrr,764,0,0,2,FALSE
map2_raw,purrr,6627,0,13,18,FALSE
list_merge,purrr,1888,1,6,2,TRUE
flatten,purrr,2050,4,2,8,FALSE
is_scalar_vector,purrr,1720,0,0,NA,FALSE
keep,purrr,1916,3,4,3,FALSE
is_character,purrr,1720,0,0,NA,FALSE
%||%,purrr,288,1,0,NA,FALSE
flatten_chr,purrr,2050,0,2,8,FALSE
lift_vd,purrr,6911,4,38,7,FALSE
every,purrr,887,2,0,2,FALSE
modify_at,purrr,8894,2,21,18,FALSE
map_lgl,purrr,6427,1,17,9,FALSE
modify_depth,purrr,8894,6,21,18,FALSE
is_formula,purrr,1720,0,0,NA,FALSE
iwalk,purrr,2977,1,2,9,FALSE
accumulate2,purrr,7839,2,22,2,FALSE
lift_vl,purrr,6911,0,38,7,FALSE
rate_sleep,purrr,764,0,0,2,FALSE
%@%,purrr,555,2,0,1,TRUE
lmap_at,purrr,4892,2,17,3,FALSE
invoke_map_dbl,purrr,5160,1,14,9,FALSE
pluck<-,purrr,4731,1,26,3,FALSE
insistently,purrr,3215,5,13,2,FALSE
is_bare_numeric,purrr,1720,0,0,NA,FALSE
chuck,purrr,4731,5,26,3,FALSE
map_int,purrr,6427,3,17,9,FALSE
is_integer,purrr,1720,0,0,NA,FALSE
imap_dbl,purrr,2977,0,2,9,FALSE
rate_backoff,purrr,1732,1,3,4,FALSE
has_element,purrr,377,2,0,1,FALSE
exec,purrr,246,0,0,NA,FALSE
rerun,purrr,1308,2,0,1,FALSE
pmap_df,purrr,6627,2,13,18,FALSE
rate_delay,purrr,1732,1,3,4,FALSE
pluck,purrr,4731,16,26,3,FALSE
is_logical,purrr,1720,0,0,NA,FALSE
invoke_map_raw,purrr,5160,0,14,9,FALSE
slowly,purrr,3215,2,13,2,FALSE
invoke_map_chr,purrr,5160,0,14,9,FALSE
map_dbl,purrr,6427,4,17,9,FALSE
rbernoulli,purrr,426,2,0,1,FALSE
is_list,purrr,1720,0,0,NA,FALSE
cross,purrr,4448,10,17,4,FALSE
is_atomic,purrr,1720,0,0,NA,FALSE
map2_dbl,purrr,6627,1,13,18,FALSE
transpose,purrr,2211,8,5,1,FALSE
is_double,purrr,1720,0,0,NA,FALSE
map_call,purrr,5160,0,14,9,FALSE
compose,purrr,1293,4,2,1,FALSE
pmap_dfr,purrr,6627,1,13,18,FALSE
as_function,purrr,2586,0,3,10,FALSE
imap_chr,purrr,2977,1,2,9,FALSE
tail_while,purrr,1110,2,0,2,FALSE
as_mapper,purrr,2586,6,3,10,FALSE
pmap,purrr,6627,11,13,18,FALSE
negate,purrr,891,4,1,1,FALSE
is_null,purrr,1720,0,0,NA,FALSE
pmap_int,purrr,6627,0,13,18,FALSE
lift_lv,purrr,6911,1,38,7,FALSE
detect_index,purrr,3062,3,4,4,FALSE
is_bare_list,purrr,1720,0,0,NA,FALSE
map_if,purrr,5040,2,7,3,FALSE
assign_in,purrr,1857,2,6,2,FALSE
flatten_df,purrr,2050,0,2,8,FALSE
flatten_raw,purrr,2050,0,2,8,FALSE
update_list,purrr,1888,0,6,2,TRUE
reduce2_right,purrr,2023,0,0,3,TRUE
pmap_dfc,purrr,6627,1,13,18,FALSE
is_bare_double,purrr,1720,0,0,NA,FALSE
is_function,purrr,1720,0,0,NA,FALSE
imodify,purrr,8894,0,21,18,FALSE
accumulate,purrr,7839,12,22,2,FALSE
is_scalar_double,purrr,1720,0,0,NA,FALSE
reduce,purrr,5906,13,16,2,FALSE
is_scalar_list,purrr,1720,0,0,NA,FALSE
map_depth,purrr,5040,2,7,3,FALSE
lmap_if,purrr,4892,2,17,3,FALSE
simplify_all,purrr,1830,0,7,3,FALSE
is_scalar_atomic,purrr,1720,0,0,NA,FALSE
lift_ld,purrr,6911,6,38,7,FALSE
rep_along,purrr,278,0,0,NA,FALSE
cross2,purrr,4448,2,17,4,FALSE
map2_dfr,purrr,6627,2,13,18,FALSE
cross3,purrr,4448,0,17,4,FALSE
imap_dfc,purrr,2977,0,2,9,FALSE
done,purrr,236,0,0,NA,FALSE
detect,purrr,3062,6,4,4,FALSE
simplify,purrr,1830,0,7,3,FALSE
cross_d,purrr,4448,3,17,4,FALSE
is_bare_character,purrr,1720,0,0,NA,FALSE
flatten_dbl,purrr,2050,0,2,8,FALSE
some,purrr,887,0,0,2,FALSE
accumulate_right,purrr,2023,0,0,3,TRUE
attr_getter,purrr,1150,4,7,1,FALSE
quietly,purrr,3556,0,8,4,FALSE
map2_int,purrr,6627,0,13,18,FALSE
is_scalar_character,purrr,1720,0,0,NA,FALSE
pmap_raw,purrr,6627,0,13,18,FALSE
is_bare_atomic,purrr,1720,0,0,NA,FALSE
walk,purrr,6427,0,17,9,FALSE
cross_n,purrr,4448,0,17,4,FALSE
imap_dfr,purrr,2977,0,2,9,FALSE
is_scalar_numeric,purrr,636,0,0,2,TRUE
map2_dfc,purrr,6627,2,13,18,FALSE
imap,purrr,2977,1,2,9,FALSE
lift_dv,purrr,6911,0,38,7,FALSE
list_modify,purrr,1888,5,6,2,TRUE
head_while,purrr,1110,2,0,2,FALSE
safely,purrr,3556,2,8,4,FALSE
reduce2,purrr,5906,3,16,2,FALSE
reduce_right,purrr,2023,0,0,3,TRUE
lmap,purrr,4892,5,17,3,FALSE
pwalk,purrr,6627,0,13,18,FALSE
read_log,readr,3729,1,0,2,FALSE
read_fwf,readr,6964,5,6,9,FALSE
read_tsv,readr,8815,1,11,21,FALSE
spec_csv2,readr,8230,0,6,29,FALSE
parse_datetime,readr,7646,23,20,9,FALSE
col_time,readr,7646,0,20,9,FALSE
guess_encoding,readr,934,4,0,1,FALSE
default_locale,readr,2635,0,1,4,FALSE
read_rds,readr,1184,1,0,2,FALSE
melt_csv_chunked,readr,5630,1,1,17,FALSE
read_csv_chunked,readr,7459,1,1,21,FALSE
write_csv,readr,4878,1,4,12,FALSE
parse_date,readr,7646,25,20,9,FALSE
ChunkCallback,readr,2220,2,7,NA,FALSE
write_file,readr,2524,1,0,3,FALSE
problems,readr,1220,2,0,2,FALSE
write_csv2,readr,4878,0,4,12,FALSE
spec_delim,readr,8230,0,6,29,FALSE
write_excel_csv2,readr,4878,0,4,12,FALSE
parse_integer,readr,2534,1,3,12,FALSE
melt_fwf,readr,4604,5,6,3,FALSE
format_csv2,readr,4344,0,4,8,FALSE
spec_table2,readr,8230,0,6,29,FALSE
read_csv2,readr,8815,1,11,21,FALSE
parse_character,readr,2534,0,3,12,FALSE
read_table,readr,6264,2,3,8,FALSE
guess_parser,readr,2355,2,4,4,FALSE
melt_csv2,readr,6915,1,5,16,FALSE
col_factor,readr,2459,0,3,3,FALSE
AccumulateCallback,readr,2220,2,7,NA,FALSE
melt_delim_chunked,readr,5630,0,1,17,FALSE
melt_csv,readr,6915,8,5,16,FALSE
spec,readr,1032,1,0,2,FALSE
type_convert,readr,2120,4,3,2,FALSE
spec_tsv,readr,8230,0,6,29,FALSE
col_number,readr,1585,0,0,3,FALSE
melt_table2,readr,4424,0,3,6,FALSE
col_integer,readr,2534,0,3,12,FALSE
cols,readr,2846,7,3,2,FALSE
date_names_langs,readr,1215,0,0,4,FALSE
read_lines_raw_chunked,readr,2689,0,0,5,FALSE
as.col_spec,readr,304,1,0,1,FALSE
parse_factor,readr,2459,4,3,3,FALSE
parse_guess,readr,2355,5,4,4,FALSE
datasource,readr,1617,7,3,1,FALSE
write_delim,readr,4878,0,4,12,FALSE
read_csv,readr,8815,10,11,21,FALSE
col_date,readr,7646,0,20,9,FALSE
count_fields,readr,1564,1,0,1,FALSE
format_delim,readr,4344,1,4,8,FALSE
melt_delim,readr,6915,1,5,16,FALSE
stop_for_problems,readr,1220,0,0,2,FALSE
col_double,readr,2534,0,3,12,FALSE
read_delim,readr,8815,1,11,21,FALSE
ListCallback,readr,2220,2,7,NA,FALSE
tokenizer_log,readr,3079,0,0,12,FALSE
write_tsv,readr,4878,3,4,12,FALSE
tokenizer_tsv,readr,3079,0,0,12,FALSE
col_datetime,readr,7646,0,20,9,FALSE
spec_table,readr,8230,0,6,29,FALSE
DataFrameCallback,readr,2220,2,7,NA,FALSE
tokenizer_delim,readr,3079,0,0,12,FALSE
format_csv,readr,4344,3,4,8,FALSE
fwf_positions,readr,6964,1,6,9,FALSE
read_csv2_chunked,readr,7459,0,1,21,FALSE
melt_csv2_chunked,readr,5630,0,1,17,FALSE
SideEffectChunkCallback,readr,2220,2,7,NA,FALSE
read_table2,readr,6264,0,3,8,FALSE
date_names_lang,readr,1215,3,0,4,FALSE
tokenize,readr,1664,3,1,1,FALSE
fwf_empty,readr,6964,1,6,9,FALSE
read_lines,readr,4304,4,1,6,FALSE
melt_tsv_chunked,readr,5630,0,1,17,FALSE
read_delim_chunked,readr,7459,0,1,21,FALSE
read_tsv_chunked,readr,7459,0,1,21,FALSE
parse_logical,readr,2534,0,3,12,FALSE
tokenizer_ws,readr,3079,0,0,12,FALSE
cols_only,readr,2846,1,3,2,FALSE
read_lines_chunked,readr,2689,0,0,5,FALSE
date_names,readr,1215,3,0,4,FALSE
parse_time,readr,7646,0,20,9,FALSE
cols_condense,readr,1032,1,0,2,FALSE
parse_number,readr,1585,2,0,3,FALSE
melt_table,readr,4424,2,3,6,FALSE
fwf_widths,readr,6964,1,6,9,FALSE
spec_csv,readr,8230,4,6,29,FALSE
write_lines,readr,4304,2,1,6,FALSE
read_lines_raw,readr,4304,1,1,6,FALSE
locale,readr,2635,4,1,4,FALSE
read_file,readr,2524,3,0,3,FALSE
show_progress,readr,573,0,0,1,FALSE
clipboard,readr,236,0,0,1,FALSE
tokenizer_line,readr,3079,0,0,12,FALSE
parse_double,readr,2534,3,3,12,FALSE
write_excel_csv,readr,4878,0,4,12,FALSE
col_skip,readr,581,0,0,1,FALSE
read_file_raw,readr,2524,1,0,3,FALSE
format_tsv,readr,4344,1,4,8,FALSE
col_guess,readr,2355,0,4,4,FALSE
parse_vector,readr,1506,2,0,2,FALSE
fwf_cols,readr,6964,2,6,9,FALSE
col_logical,readr,2534,0,3,12,FALSE
output_column,readr,501,1,2,1,FALSE
tokenizer_csv,readr,3079,1,0,12,FALSE
melt_tsv,readr,6915,1,5,16,FALSE
readr_example,readr,456,2,0,1,FALSE
tokenizer_fwf,readr,3079,0,0,12,FALSE
write_rds,readr,1184,2,0,2,FALSE
col_character,readr,2534,0,3,12,FALSE
format_from_signature,readxl,1871,0,0,3,FALSE
cell_rows,readxl,2780,3,12,NA,FALSE
format_from_ext,readxl,1871,0,0,3,FALSE
readxl_progress,readxl,819,0,0,1,FALSE
read_xlsx,readxl,7254,0,15,12,FALSE
excel_format,readxl,1871,1,0,3,FALSE
read_excel,readxl,7254,18,15,12,FALSE
excel_sheets,readxl,524,3,1,1,FALSE
read_xls,readxl,7254,0,15,12,FALSE
anchored,readxl,2780,1,12,NA,FALSE
cell_limits,readxl,2780,2,12,NA,FALSE
readxl_example,readxl,458,2,0,1,FALSE
cell_cols,readxl,2780,4,12,NA,FALSE
str_length,stringr,1225,6,4,1,FALSE
invert_match,stringr,701,1,0,1,FALSE
str_to_upper,stringr,881,3,3,4,FALSE
str_ends,stringr,1448,2,0,2,FALSE
word,stringr,1304,9,2,1,FALSE
str_extract_all,stringr,2275,6,3,2,FALSE
str_remove_all,stringr,1370,1,0,2,FALSE
str_count,stringr,1605,6,0,1,FALSE
str_squish,stringr,948,2,0,2,FALSE
str_detect,stringr,1948,7,2,1,FALSE
str_to_title,stringr,881,1,3,4,FALSE
str_to_sentence,stringr,881,1,3,4,FALSE
str_glue,stringr,2404,5,3,3,FALSE
str_wrap,stringr,1315,5,0,1,FALSE
str_which,stringr,2329,2,2,2,FALSE
str_interp,stringr,2257,5,6,1,FALSE
str_dup,stringr,551,3,0,1,FALSE
str_replace_na,stringr,410,1,0,1,FALSE
str_glue_data,stringr,2404,2,3,3,FALSE
str_trunc,stringr,759,3,0,2,FALSE
str_starts,stringr,1448,2,0,2,FALSE
str_c,stringr,2450,8,2,1,FALSE
str_split_fixed,stringr,2425,2,3,2,FALSE
str_pad,stringr,1172,7,2,1,FALSE
str_split,stringr,2425,7,3,2,FALSE
%>%,stringr,115,0,0,1,FALSE
str_replace,stringr,3257,10,4,2,FALSE
str_view,stringr,2122,8,2,2,FALSE
regex,stringr,4280,3,3,6,FALSE
boundary,stringr,4280,2,3,6,FALSE
str_view_all,stringr,2122,2,2,2,FALSE
str_sort,stringr,1584,4,0,4,FALSE
fixed,stringr,4280,2,3,6,FALSE
str_locate_all,stringr,2053,4,1,2,FALSE
str_extract,stringr,2275,10,3,2,FALSE
str_trim,stringr,948,2,0,2,FALSE
str_locate,stringr,2053,8,1,2,FALSE
str_sub<-,stringr,2717,0,7,2,FALSE
str_remove,stringr,1370,2,0,2,FALSE
str_flatten,stringr,410,2,0,1,FALSE
str_match,stringr,1671,4,1,2,FALSE
str_to_lower,stringr,881,1,3,4,FALSE
str_sub,stringr,2717,20,7,2,FALSE
str_order,stringr,1584,2,0,4,FALSE
str_subset,stringr,2329,7,2,2,FALSE
str_match_all,stringr,1671,2,1,2,FALSE
str_replace_all,stringr,3257,5,4,2,FALSE
coll,stringr,4280,4,3,6,FALSE
str_conv,stringr,609,2,3,1,FALSE
set_tidy_names,tibble,2444,0,0,3,TRUE
lst,tibble,2044,8,4,1,FALSE
deframe,tibble,1503,3,0,2,FALSE
data_frame,tibble,922,0,0,7,TRUE
enframe,tibble,1503,4,0,2,FALSE
obj_sum,tibble,494,0,0,NA,FALSE
tibble_,tibble,922,0,0,7,TRUE
repair_names,tibble,2444,0,0,3,TRUE
glimpse,tibble,1388,2,0,1,FALSE
as_data_frame,tibble,922,0,0,7,TRUE
is.tibble,tibble,297,0,0,1,TRUE
rownames_to_column,tibble,1974,2,0,5,FALSE
frame_data,tibble,922,0,0,7,TRUE
has_rownames,tibble,1974,3,0,5,FALSE
is_tibble,tibble,416,0,0,1,FALSE
tibble,tibble,5700,30,19,2,FALSE
new_tibble,tibble,2787,3,3,2,FALSE
tribble,tibble,935,3,2,1,FALSE
type_sum,tibble,494,0,0,NA,FALSE
view,tibble,592,0,0,1,FALSE
remove_rownames,tibble,1974,1,0,5,FALSE
is_vector_s3,tibble,494,0,0,NA,FALSE
knit_print.trunc_mat,tibble,206,0,0,1,FALSE
as.tibble,tibble,922,0,0,7,TRUE
data_frame_,tibble,922,0,0,7,TRUE
frame_matrix,tibble,831,1,0,1,FALSE
tidy_names,tibble,2444,0,0,3,TRUE
column_to_rownames,tibble,1974,1,0,5,FALSE
trunc_mat,tibble,4830,1,0,7,FALSE
validate_tibble,tibble,2787,0,3,2,FALSE
has_name,tibble,494,0,0,NA,FALSE
tbl_sum,tibble,763,0,0,1,FALSE
as_tibble,tibble,5804,8,3,25,FALSE
add_case,tibble,2202,0,6,1,FALSE
rowid_to_column,tibble,1974,0,0,5,FALSE
add_column,tibble,1449,4,3,1,FALSE
add_row,tibble,2202,6,6,1,FALSE
lst_,tibble,922,0,0,7,TRUE
complete,tidyr,2148,2,1,1,FALSE
tribble,tidyr,846,0,0,NA,FALSE
pivot_wider,tidyr,4063,4,4,3,FALSE
full_seq,tidyr,696,1,0,1,FALSE
build_wider_spec,tidyr,3125,0,0,4,FALSE
last_col,tidyr,846,0,0,NA,FALSE
extract_numeric,tidyr,301,0,0,1,TRUE
separate,tidyr,4544,12,10,2,FALSE
drop_na_,tidyr,6276,0,0,18,TRUE
unnest_auto,tidyr,7279,0,6,8,FALSE
spread,tidyr,3129,5,2,2,FALSE
pivot_longer,tidyr,5170,4,6,4,FALSE
gather_,tidyr,6276,0,0,18,TRUE
expand,tidyr,4148,8,15,3,FALSE
expand_grid,tidyr,1252,4,2,1,FALSE
drop_na,tidyr,2174,2,0,1,FALSE
one_of,tidyr,846,0,0,NA,FALSE
%>%,tidyr,147,0,0,1,FALSE
extract_,tidyr,6276,0,0,18,TRUE
matches,tidyr,846,0,0,NA,FALSE
fill_,tidyr,6276,0,0,18,TRUE
unnest_,tidyr,6276,0,0,18,TRUE
nesting,tidyr,4148,3,15,3,FALSE
starts_with,tidyr,846,0,0,NA,FALSE
chop,tidyr,3112,14,10,2,FALSE
pivot_wider_spec,tidyr,3125,0,0,4,FALSE
everything,tidyr,846,0,0,NA,FALSE
expand_,tidyr,6276,0,0,18,TRUE
crossing_,tidyr,6276,0,0,18,TRUE
nesting_,tidyr,6276,0,0,18,TRUE
unite_,tidyr,6276,0,0,18,TRUE
as_tibble,tidyr,846,0,0,NA,FALSE
fill,tidyr,1243,1,0,1,FALSE
unnest_longer,tidyr,7279,4,6,8,FALSE
separate_rows_,tidyr,6276,0,0,18,TRUE
nest,tidyr,7680,19,12,5,FALSE
unchop,tidyr,3112,9,10,2,FALSE
nest_,tidyr,6276,0,0,18,TRUE
num_range,tidyr,846,0,0,NA,FALSE
gather,tidyr,4773,6,5,2,FALSE
extract,tidyr,2024,3,1,2,FALSE
pack,tidyr,3172,7,4,2,FALSE
separate_,tidyr,6276,0,0,18,TRUE
replace_na,tidyr,1388,5,1,1,FALSE
unnest,tidyr,7680,8,12,5,FALSE
unnest_wider,tidyr,7279,4,6,8,FALSE
complete_,tidyr,6276,0,0,18,TRUE
build_longer_spec,tidyr,5314,0,0,5,FALSE
unite,tidyr,3418,4,3,1,FALSE
crossing,tidyr,4148,1,15,3,FALSE
hoist,tidyr,7279,1,6,8,FALSE
unpack,tidyr,3172,3,4,2,FALSE
ends_with,tidyr,846,0,0,NA,FALSE
nest_legacy,tidyr,3498,7,5,3,FALSE
pivot_longer_spec,tidyr,5314,0,0,5,FALSE
contains,tidyr,846,0,0,NA,FALSE
tibble,tidyr,846,0,0,NA,FALSE
spread_,tidyr,6276,0,0,18,TRUE
unnest_legacy,tidyr,3498,4,5,3,FALSE
separate_rows,tidyr,2721,1,0,1,FALSE
tidyr_legacy,tidyr,1062,1,4,1,FALSE
uncount,tidyr,999,4,2,1,FALSE
ssh_askpass,askpass,594,0,0,1,FALSE
askpass,askpass,665,1,1,1,FALSE
s3HTTP,aws.s3,4612,0,0,7,FALSE
s3saveRDS,aws.s3,2400,1,4,3,FALSE
bucketexists,aws.s3,685,0,0,11,TRUE
saveobject,aws.s3,685,0,0,11,TRUE
putbucket,aws.s3,685,0,0,11,TRUE
get_torrent,aws.s3,936,0,0,1,FALSE
deletebucket,aws.s3,685,0,0,11,TRUE
head_object,aws.s3,3981,0,8,4,FALSE
get_bucket,aws.s3,2887,4,5,4,FALSE
put_requestpayment,aws.s3,703,0,0,2,FALSE
copyobject,aws.s3,685,0,0,11,TRUE
put_bucket,aws.s3,2457,2,1,4,FALSE
bucket_list_df,aws.s3,1334,0,0,2,FALSE
s3read_using,aws.s3,2216,1,4,2,FALSE
delete_tagging,aws.s3,1389,1,0,3,FALSE
get_acceleration,aws.s3,2120,2,0,2,FALSE
put_encryption,aws.s3,1985,1,3,3,FALSE
get_location,aws.s3,608,0,0,1,FALSE
s3readRDS,aws.s3,2400,1,4,3,FALSE
put_cors,aws.s3,1111,0,0,3,FALSE
get_uploads,aws.s3,602,0,0,1,FALSE
bucket_exists,aws.s3,664,0,0,1,FALSE
delete_object,aws.s3,1391,0,0,1,FALSE
bucketlist,aws.s3,1334,0,0,2,FALSE
get_object,aws.s3,3981,3,8,4,FALSE
copy_bucket,aws.s3,1419,0,0,3,FALSE
deleteobject,aws.s3,685,0,0,11,TRUE
getbucket,aws.s3,685,0,0,11,TRUE
getobject,aws.s3,685,0,0,11,TRUE
headobject,aws.s3,685,0,0,11,TRUE
s3save_image,aws.s3,2066,0,4,3,FALSE
s3save,aws.s3,2066,1,4,3,FALSE
put_website,aws.s3,1569,0,0,3,FALSE
put_lifecycle,aws.s3,1468,0,0,3,FALSE
get_website,aws.s3,1569,0,0,3,FALSE
delete_lifecycle,aws.s3,1468,0,0,3,FALSE
get_lifecycle,aws.s3,1468,0,0,3,FALSE
s3write_using,aws.s3,2216,1,4,2,FALSE
put_acl,aws.s3,1276,0,0,2,FALSE
put_replication,aws.s3,1657,0,0,3,FALSE
get_notification,aws.s3,1124,0,0,2,FALSE
get_encryption,aws.s3,1985,1,3,3,FALSE
delete_encryption,aws.s3,1985,1,3,3,FALSE
put_acceleration,aws.s3,2120,2,0,2,FALSE
put_folder,aws.s3,4510,1,9,4,FALSE
s3sync,aws.s3,2831,2,2,2,FALSE
get_cors,aws.s3,1111,0,0,3,FALSE
get_versions,aws.s3,1955,1,0,3,FALSE
delete_cors,aws.s3,1111,0,0,3,FALSE
save_object,aws.s3,3981,1,8,4,FALSE
s3load,aws.s3,2066,1,4,3,FALSE
putobject,aws.s3,685,0,0,11,TRUE
delete_bucket,aws.s3,585,0,0,1,FALSE
copybucket,aws.s3,685,0,0,11,TRUE
put_object,aws.s3,4510,5,9,4,FALSE
get_requestpayment,aws.s3,703,0,0,2,FALSE
copy_object,aws.s3,1419,0,0,3,FALSE
s3source,aws.s3,1575,1,4,1,FALSE
delete_website,aws.s3,1569,0,0,3,FALSE
get_bucketname,aws.s3,659,0,0,10,FALSE
get_bucket_df,aws.s3,2887,1,5,4,FALSE
get_versioning,aws.s3,1955,1,0,3,FALSE
put_tagging,aws.s3,1389,1,0,3,FALSE
put_versioning,aws.s3,1955,1,0,3,FALSE
get_tagging,aws.s3,1389,1,0,3,FALSE
delete_bucket_policy,aws.s3,1918,0,0,3,FALSE
get_bucket_policy,aws.s3,1918,0,0,3,FALSE
put_bucket_policy,aws.s3,1918,0,0,3,FALSE
get_acl,aws.s3,1276,0,0,2,FALSE
delete_replication,aws.s3,1657,0,0,3,FALSE
put_notification,aws.s3,1124,0,0,2,FALSE
get_replication,aws.s3,1657,0,0,3,FALSE
import,backports,1746,7,3,1,FALSE
filter_checkbox,crosstalk,1658,0,1,4,FALSE
bscols,crosstalk,2400,3,3,1,FALSE
selection_factor,crosstalk,1609,1,1,3,FALSE
SharedData,crosstalk,5338,0,0,1,FALSE
scale_fill_selection,crosstalk,1609,0,1,3,FALSE
filter_slider,crosstalk,4646,1,1,5,FALSE
ClientValue,crosstalk,2274,1,1,1,FALSE
animation_options,crosstalk,4646,0,1,5,FALSE
scale_color_selection,crosstalk,1609,1,1,3,FALSE
filter_select,crosstalk,1658,1,1,4,FALSE
is.SharedData,crosstalk,350,0,0,1,FALSE
maintain_selection,crosstalk,543,0,0,1,FALSE
crosstalkLibs,crosstalk,240,0,0,1,FALSE
sha1,digest,4654,0,0,64,FALSE
hmac,digest,4195,7,3,3,FALSE
getVDigest,digest,4011,4,0,3,FALSE
digest,digest,15605,24,18,5,FALSE
AES,digest,8014,16,8,1,FALSE
makeRaw,digest,720,1,0,13,FALSE
digest2int,digest,1256,1,0,1,FALSE
substr_sgr,fansi,7835,1,5,14,FALSE
set_knit_hooks,fansi,4991,2,12,4,FALSE
nchar_sgr,fansi,5612,2,6,7,FALSE
strwrap2_ctl,fansi,9883,8,15,22,FALSE
tabs_as_spaces,fansi,3179,4,0,2,FALSE
nzchar_ctl,fansi,5612,1,6,7,FALSE
strwrap_ctl,fansi,9883,3,15,22,FALSE
substr2_sgr,fansi,7835,0,5,14,FALSE
strtrim_ctl,fansi,4409,1,0,8,FALSE
html_esc,fansi,627,2,0,1,FALSE
substr_ctl,fansi,7835,4,5,14,FALSE
has_sgr,fansi,3280,2,0,2,FALSE
strtrim2_sgr,fansi,4409,0,0,8,FALSE
strip_sgr,fansi,4235,1,5,2,FALSE
strsplit_sgr,fansi,5936,2,2,6,FALSE
unhandled_ctl,fansi,3895,1,1,1,FALSE
nchar_ctl,fansi,5612,6,6,7,FALSE
has_ctl,fansi,3280,4,0,2,FALSE
strsplit_ctl,fansi,5936,1,2,6,FALSE
html_code_block,fansi,1016,2,0,1,FALSE
term_cap_test,fansi,1848,1,0,1,FALSE
strip_ctl,fansi,4235,6,5,2,FALSE
substr2_ctl,fansi,7835,4,5,14,FALSE
strwrap2_sgr,fansi,9883,0,15,22,FALSE
strtrim_sgr,fansi,4409,0,0,8,FALSE
strtrim2_ctl,fansi,4409,0,0,8,FALSE
nzchar_sgr,fansi,5612,0,6,7,FALSE
sgr_to_html,fansi,1807,1,0,2,FALSE
strwrap_sgr,fansi,9883,0,15,22,FALSE
fansi_lines,fansi,685,2,0,1,FALSE
tag,htmltools,2942,11,3,8,FALSE
includeHTML,htmltools,1419,0,0,5,FALSE
span,htmltools,3295,1,3,18,FALSE
h1,htmltools,3295,1,3,18,FALSE
renderTags,htmltools,1895,0,0,2,FALSE
h2,htmltools,3295,0,3,18,FALSE
tagList,htmltools,2942,3,3,8,FALSE
renderDependencies,htmltools,1001,0,0,2,FALSE
h3,htmltools,3295,0,3,18,FALSE
htmlDependencies<-,htmltools,1906,0,6,3,FALSE
tagHasAttribute,htmltools,2942,0,3,8,FALSE
h4,htmltools,3295,0,3,18,FALSE
copyDependencyToDir,htmltools,1542,0,0,1,FALSE
HTML,htmltools,568,1,0,1,FALSE
h5,htmltools,3295,0,3,18,FALSE
suppressDependencies,htmltools,616,0,0,1,FALSE
h6,htmltools,3295,0,3,18,FALSE
withTags,htmltools,1207,2,2,1,FALSE
is.browsable,htmltools,1002,0,0,2,FALSE
save_html,htmltools,584,0,0,1,FALSE
includeCSS,htmltools,1419,0,0,5,FALSE
hr,htmltools,3295,0,3,18,FALSE
doRenderTags,htmltools,1895,0,0,2,FALSE
htmlDependencies,htmltools,1906,0,6,3,FALSE
includeText,htmltools,1419,0,0,5,FALSE
html_print,htmltools,735,0,0,2,FALSE
is.singleton,htmltools,652,0,0,2,FALSE
em,htmltools,3295,0,3,18,FALSE
htmlDependency,htmltools,4395,0,0,3,FALSE
tags,htmltools,3295,9,3,18,FALSE
extractPreserveChunks,htmltools,2593,1,3,3,FALSE
restorePreserveChunks,htmltools,2593,1,3,3,FALSE
htmlPreserve,htmltools,2593,2,3,3,FALSE
tagGetAttribute,htmltools,2942,0,3,8,FALSE
resolveDependencies,htmltools,835,0,0,1,FALSE
htmlEscape,htmltools,470,0,0,1,FALSE
takeSingletons,htmltools,1349,0,0,2,FALSE
includeMarkdown,htmltools,1419,0,0,5,FALSE
code,htmltools,3295,0,3,18,FALSE
tagAppendChildren,htmltools,2942,0,3,8,FALSE
knit_print.shiny.tag,htmltools,529,0,0,3,FALSE
as.tags,htmltools,441,0,0,1,FALSE
tagAppendChild,htmltools,2942,0,3,8,FALSE
br,htmltools,3295,0,3,18,FALSE
browsable,htmltools,1002,0,0,2,FALSE
findDependencies,htmltools,501,0,0,1,FALSE
singleton,htmltools,652,0,0,2,FALSE
attachDependencies,htmltools,1906,2,6,3,FALSE
tagAppendAttributes,htmltools,2942,0,3,8,FALSE
tagSetChildren,htmltools,2942,0,3,8,FALSE
renderDocument,htmltools,1497,0,0,1,FALSE
div,htmltools,3295,2,3,18,FALSE
surroundSingletons,htmltools,1349,0,0,2,FALSE
a,htmltools,3295,20,3,18,FALSE
htmlTemplate,htmltools,1200,0,0,1,FALSE
includeScript,htmltools,1419,0,0,5,FALSE
knit_print.shiny.tag.list,htmltools,529,0,0,3,FALSE
strong,htmltools,3295,2,3,18,FALSE
pre,htmltools,3295,1,3,18,FALSE
subtractDependencies,htmltools,1314,0,0,1,FALSE
makeDependencyRelative,htmltools,1146,0,0,1,FALSE
knit_print.html,htmltools,529,0,0,3,FALSE
urlEncodePath,htmltools,338,0,0,1,FALSE
css,htmltools,1899,1,0,1,FALSE
p,htmltools,3295,6,3,18,FALSE
validateCssUnit,htmltools,1415,2,1,1,FALSE
img,htmltools,3295,0,3,18,FALSE
read.ini,ini,1060,1,4,1,FALSE
write.ini,ini,867,1,4,1,FALSE
last_warnings,lifecycle,1509,3,6,2,FALSE
last_warning,lifecycle,1509,4,6,2,FALSE
deprecated,lifecycle,1520,2,3,1,TRUE
deprecate_warn,lifecycle,3721,5,6,5,TRUE
deprecate_stop,lifecycle,3721,0,6,5,TRUE
deprecate_soft,lifecycle,3721,0,6,5,TRUE
badge,lifecycle,3167,0,0,1,TRUE
ore.lastmatch,ore,750,0,0,1,FALSE
ore_escape,ore,606,0,0,1,FALSE
is_orematch,ore,5653,0,3,16,FALSE
groups,ore,1942,0,0,23,FALSE
is.ore,ore,3419,0,2,5,FALSE
ore.split,ore,1244,1,0,1,FALSE
is_ore,ore,3419,0,2,5,FALSE
ore,ore,3419,2,2,5,FALSE
ore_split,ore,1244,0,0,1,FALSE
ore_file,ore,879,0,0,1,FALSE
%~~%,ore,1945,0,4,4,FALSE
ore.subst,ore,2150,3,3,1,FALSE
ore_ismatch,ore,1945,0,4,4,FALSE
ore_search,ore,5653,0,3,16,FALSE
ore.search,ore,5653,1,3,16,FALSE
matches,ore,1942,0,0,23,FALSE
%~|%,ore,1945,2,4,4,FALSE
ore.file,ore,879,0,0,1,FALSE
ore_subst,ore,2150,0,3,1,FALSE
ore.ismatch,ore,1945,1,4,4,FALSE
is.orematch,ore,5653,0,3,16,FALSE
ore_dict,ore,1304,0,3,1,FALSE
ore.dict,ore,1304,3,3,1,FALSE
ore_lastmatch,ore,750,0,0,1,FALSE
es,ore,1644,4,4,1,FALSE
ore.escape,ore,606,0,0,1,FALSE
%~%,ore,1945,2,4,4,FALSE
aaply,plyr,4105,11,0,3,FALSE
progress_win,plyr,887,1,0,1,FALSE
join,plyr,2221,1,0,1,FALSE
failwith,plyr,664,1,0,1,FALSE
progress_tk,plyr,1021,2,0,1,FALSE
maply,plyr,3336,3,0,2,FALSE
amv_dimnames,plyr,474,0,0,1,FALSE
split_indices,plyr,675,2,0,1,FALSE
each,plyr,1001,6,5,1,FALSE
is.formula,plyr,205,0,0,1,FALSE
progress_none,plyr,533,0,0,1,FALSE
r_ply,plyr,1062,2,0,1,FALSE
match_df,plyr,1821,1,8,1,FALSE
name_rows,plyr,802,4,0,1,FALSE
take,plyr,786,6,0,1,FALSE
liply,plyr,821,0,0,1,FALSE
numcolwise,plyr,2257,3,13,3,FALSE
tryNULL,plyr,657,0,0,2,FALSE
id,plyr,732,0,0,1,FALSE
colwise,plyr,2257,14,13,3,FALSE
daply,plyr,3439,4,2,3,FALSE
mapvalues,plyr,1586,3,2,1,FALSE
a_ply,plyr,2840,0,0,3,FALSE
rlply,plyr,1192,1,0,1,FALSE
laply,plyr,2991,4,1,2,FALSE
unrowname,plyr,195,0,0,1,FALSE
idata.frame,plyr,763,1,0,1,FALSE
true,plyr,302,0,0,1,FALSE
defaults,plyr,283,0,0,1,FALSE
m_ply,plyr,3024,0,0,2,FALSE
splat,plyr,731,3,0,1,FALSE
summarize,plyr,1212,0,3,1,FALSE
round_any,plyr,914,12,0,1,FALSE
try_default,plyr,657,0,0,2,FALSE
rdply,plyr,1486,3,0,1,FALSE
alply,plyr,3291,2,0,3,FALSE
rbind.fill.matrix,plyr,1617,3,0,1,FALSE
count,plyr,1856,9,5,1,FALSE
mlply,plyr,3061,5,0,2,FALSE
d_ply,plyr,2821,0,0,3,FALSE
catcolwise,plyr,2257,1,13,3,FALSE
tryapply,plyr,443,0,0,1,FALSE
isplit2,plyr,335,0,0,1,FALSE
join_all,plyr,1088,2,0,1,FALSE
l_ply,plyr,2414,2,0,2,FALSE
empty,plyr,231,0,0,1,FALSE
adply,plyr,3525,0,0,3,FALSE
desc,plyr,389,3,0,1,FALSE
progress_text,plyr,904,1,0,1,FALSE
vaggregate,plyr,1899,8,3,1,FALSE
join.keys,plyr,440,0,0,1,FALSE
mutate,plyr,1310,5,3,1,FALSE
create_progress_bar,plyr,1992,0,4,1,FALSE
mdply,plyr,3574,4,0,2,FALSE
arrange,plyr,1183,4,5,1,FALSE
revalue,plyr,1235,3,0,1,FALSE
progress_time,plyr,524,0,0,1,FALSE
strip_splits,plyr,588,1,0,1,FALSE
compact,plyr,204,0,0,1,FALSE
is.quoted,plyr,1941,0,1,1,FALSE
dlply,plyr,3116,1,0,2,FALSE
llply,plyr,2540,4,1,2,FALSE
rename,plyr,1079,2,2,1,FALSE
here,plyr,885,1,2,1,FALSE
.,plyr,1941,14,1,1,FALSE
eval.quoted,plyr,436,0,0,1,FALSE
raply,plyr,1689,7,1,1,FALSE
is.discrete,plyr,373,3,0,1,FALSE
ddply,plyr,4305,5,9,2,FALSE
split_labels,plyr,447,0,0,1,FALSE
summarise,plyr,1212,2,3,1,FALSE
rbind.fill,plyr,1407,1,0,1,FALSE
ldply,plyr,2998,0,0,2,FALSE
quickdf,plyr,370,0,0,1,FALSE
as.quoted,plyr,874,2,0,1,FALSE
exposeClass,Rcpp,9011,3,26,3,FALSE
setRcppClass,Rcpp,5416,1,0,5,FALSE
populate,Rcpp,380,0,0,1,FALSE
cppFunction,Rcpp,4392,3,0,3,FALSE
sizeof,Rcpp,1834,2,0,2,FALSE
getRcppVersion,Rcpp,1111,1,0,1,FALSE
evalCpp,Rcpp,2268,2,0,6,FALSE
LdFlags,Rcpp,998,0,0,2,TRUE
loadRcppClass,Rcpp,5416,0,0,5,FALSE
loadModule,Rcpp,3804,1,1,1,FALSE
cpp_object_initializer,Rcpp,821,0,0,2,FALSE
compileAttributes,Rcpp,2648,1,1,1,FALSE
sourceCpp,Rcpp,6036,2,1,3,FALSE
cpp_object_dummy,Rcpp,821,0,0,2,FALSE
Rcpp.plugin.maker,Rcpp,1608,0,0,11,FALSE
RcppLdFlags,Rcpp,998,0,0,2,TRUE
Module,Rcpp,823,0,0,1,FALSE
registerPlugin,Rcpp,754,0,0,1,FALSE
loadRcppModules,Rcpp,1018,0,0,1,TRUE
demangle,Rcpp,1834,4,0,2,FALSE
Rcpp.package.skeleton,Rcpp,5018,3,5,9,FALSE
list.filter,rlist,1121,3,0,1,FALSE
list.cases,rlist,1032,3,0,1,FALSE
list.cbind,rlist,673,1,0,1,FALSE
list.sort,rlist,860,2,1,1,FALSE
list.last,rlist,682,2,1,1,FALSE
list.insert,rlist,764,1,0,1,FALSE
List,rlist,1366,3,1,1,FALSE
list.unserialize,rlist,669,2,0,1,FALSE
list.exclude,rlist,643,2,0,1,FALSE
list.parse,rlist,1647,3,0,13,FALSE
list.search,rlist,3341,16,5,1,FALSE
list.findi,rlist,932,3,0,1,FALSE
tryEval,rlist,594,1,0,1,FALSE
list.clean,rlist,1835,3,0,1,FALSE
list.join,rlist,1143,2,0,1,FALSE
list.common,rlist,863,4,0,1,FALSE
list.zip,rlist,669,1,0,1,FALSE
list.unzip,rlist,2633,6,0,2,FALSE
list.map,rlist,746,2,0,1,FALSE
list.skip,rlist,593,2,0,1,FALSE
list.order,rlist,1041,3,1,1,FALSE
list.prepend,rlist,541,2,0,1,FALSE
list.append,rlist,545,2,0,1,FALSE
list.find,rlist,928,2,0,1,FALSE
list.subset,rlist,456,3,0,1,FALSE
list.count,rlist,922,2,0,1,FALSE
list.update,rlist,1217,4,0,1,FALSE
list.table,rlist,928,3,0,1,FALSE
list.serialize,rlist,728,2,0,1,FALSE
list.merge,rlist,1246,1,0,1,FALSE
list.sample,rlist,898,1,0,1,FALSE
list.match,rlist,737,2,0,1,FALSE
list.apply,rlist,458,0,0,1,FALSE
list.any,rlist,1047,4,0,1,FALSE
list.do,rlist,669,1,0,1,FALSE
list.ungroup,rlist,1696,4,0,2,FALSE
list.group,rlist,955,2,0,1,FALSE
list.iter,rlist,642,2,0,1,FALSE
list.is,rlist,853,2,0,2,FALSE
list.maps,rlist,683,2,0,1,FALSE
list.names,rlist,703,4,0,1,FALSE
list.class,rlist,1292,2,0,1,FALSE
tryGet,rlist,942,1,0,1,FALSE
list.select,rlist,706,4,0,1,FALSE
list.load,rlist,1913,4,0,3,FALSE
list.rbind,rlist,737,2,0,1,FALSE
list.first,rlist,688,2,1,1,FALSE
list.expand,rlist,690,3,0,1,FALSE
list.extract,rlist,264,2,0,1,FALSE
list.takeWhile,rlist,897,2,0,1,FALSE
list.take,rlist,651,2,0,1,FALSE
list.reverse,rlist,273,1,0,1,FALSE
list.save,rlist,794,4,0,1,FALSE
list.remove,rlist,658,2,0,1,FALSE
list.skipWhile,rlist,889,2,0,1,FALSE
list.if,rlist,853,0,0,2,FALSE
list.mapv,rlist,984,2,0,1,FALSE
list.which,rlist,695,2,0,1,FALSE
list.stack,rlist,970,4,0,1,FALSE
list.all,rlist,1044,4,0,1,FALSE
list.flatten,rlist,1107,3,0,1,FALSE
xml,rvest,1188,0,0,4,TRUE
html_table,rvest,2138,3,3,1,FALSE
xml_node,rvest,1188,0,0,4,TRUE
guess_encoding,rvest,1425,1,2,2,FALSE
xml_tag,rvest,1188,0,0,4,TRUE
back,rvest,236,0,0,2,FALSE
is.session,rvest,1139,0,1,2,FALSE
html_session,rvest,1139,1,1,2,FALSE
repair_encoding,rvest,1425,0,2,2,FALSE
html_form,rvest,652,3,0,1,FALSE
html_children,rvest,1159,0,1,5,FALSE
html_attr,rvest,1159,2,1,5,FALSE
html_text,rvest,1159,1,1,5,FALSE
follow_link,rvest,1365,2,0,2,FALSE
session_history,rvest,236,0,0,2,FALSE
html_nodes,rvest,4235,14,14,2,FALSE
html_node,rvest,4235,17,14,2,FALSE
set_values,rvest,532,3,0,1,FALSE
submit_form,rvest,1021,0,0,1,FALSE
pluck,rvest,335,0,0,1,FALSE
html,rvest,1464,6,4,4,TRUE
jump_to,rvest,1365,0,0,2,FALSE
%>%,rvest,151,0,0,1,FALSE
html_name,rvest,1159,1,1,5,FALSE
minimal_html,rvest,421,1,0,1,FALSE
html_attrs,rvest,1159,1,1,5,FALSE
html_tag,rvest,162,0,0,1,TRUE
xml_nodes,rvest,1188,0,0,4,TRUE
google_form,rvest,304,1,0,1,FALSE
stri_width,stringi,2301,4,2,1,FALSE
stri_replace_last_charclass,stringi,7599,0,5,27,FALSE
stri_replace_all_charclass,stringi,7599,3,5,27,FALSE
stri_sub<-,stringi,5369,0,4,3,FALSE
stri_numbytes,stringi,1618,3,3,1,FALSE
stri_extract_first_fixed,stringi,7575,0,2,21,FALSE
stri_enc_isutf32be,stringi,1386,0,0,4,FALSE
stri_join_list,stringi,2193,4,0,3,FALSE
stri_na2empty,stringi,590,1,0,1,FALSE
stri_replace_first_charclass,stringi,7599,0,5,27,FALSE
stri_enc_isutf16be,stringi,1386,0,0,4,FALSE
stri_sub_all,stringi,4073,3,1,4,FALSE
stri_trans_list,stringi,687,0,0,1,FALSE
stri_extract_all_fixed,stringi,7575,2,2,21,FALSE
%s===%,stringi,2455,0,0,16,FALSE
stri_locate_first_boundaries,stringi,5489,0,1,7,FALSE
stri_read_lines,stringi,1894,0,0,2,FALSE
stri_opts_regex,stringi,3743,1,3,2,FALSE
stri_subset_fixed,stringi,3930,0,0,13,FALSE
stri_trans_nfkc,stringi,3831,1,2,10,FALSE
stri_endswith,stringi,4414,1,0,9,FALSE
stri_sub_all<-,stringi,4073,0,1,4,FALSE
stri_trans_nfkd,stringi,3831,0,2,10,FALSE
stri_replace_all_fixed,stringi,7599,6,5,27,FALSE
stri_cmp_nequiv,stringi,5814,0,9,10,FALSE
stri_match_all_regex,stringi,5059,4,2,10,FALSE
stri_replace_last_fixed,stringi,7599,0,5,27,FALSE
stri_stats_general,stringi,1788,1,0,1,FALSE
stri_replace_all_coll,stringi,7599,0,5,27,FALSE
stri_count_boundaries,stringi,4189,4,0,2,FALSE
stri_locale_list,stringi,730,0,0,1,FALSE
stri_locale_set,stringi,1815,2,5,2,FALSE
stri_enc_set,stringi,2190,0,0,2,FALSE
stri_trim_both,stringi,2693,2,0,5,FALSE
stri_timezone_list,stringi,3824,7,1,1,FALSE
stri_extract_first_coll,stringi,7575,1,2,21,FALSE
%stri!==%,stringi,2455,0,0,16,FALSE
stri_enc_detect2,stringi,3632,0,0,1,FALSE
%s+%,stringi,1201,0,0,2,FALSE
stri_rand_strings,stringi,1955,7,5,1,FALSE
stri_escape_unicode,stringi,1093,1,0,1,FALSE
stri_pad_right,stringi,2957,0,3,8,FALSE
stri_locate_last_coll,stringi,7657,2,6,21,FALSE
stri_trans_tolower,stringi,4434,1,2,3,FALSE
stri_extract_last_coll,stringi,7575,1,2,21,FALSE
stri_omit_na,stringi,1574,0,0,6,FALSE
stri_timezone_set,stringi,2167,2,2,2,FALSE
stri_reverse,stringi,735,3,1,1,FALSE
stri_enc_tonative,stringi,1132,0,0,1,FALSE
stri_extract_last_boundaries,stringi,4918,0,0,8,FALSE
stri_compare,stringi,5814,0,9,10,FALSE
stri_write_lines,stringi,1200,0,0,2,FALSE
stri_split_lines,stringi,3088,0,0,2,FALSE
stri_trans_isnfkc_casefold,stringi,3831,0,2,10,FALSE
stri_unescape_unicode,stringi,1494,1,0,1,FALSE
stri_omit_empty_na,stringi,1574,1,0,6,FALSE
stri_split_lines1,stringi,3088,0,0,2,FALSE
stri_stats_latex,stringi,1646,1,0,1,FALSE
stri_extract_last_regex,stringi,7575,1,2,21,FALSE
stri_trim,stringi,2693,4,0,5,FALSE
stri_locate_all_words,stringi,5489,1,1,7,FALSE
%stri<=%,stringi,2455,0,0,16,FALSE
stri_extract_all_words,stringi,4918,1,0,8,FALSE
stri_enc_toascii,stringi,1361,0,0,1,FALSE
stri_trim_right,stringi,2693,1,0,5,FALSE
stri_duplicated,stringi,4376,5,3,2,FALSE
stri_rand_lipsum,stringi,1430,2,0,1,FALSE
stri_subset_fixed<-,stringi,3930,0,0,13,FALSE
stri_unique,stringi,2371,2,1,1,FALSE
stri_enc_list,stringi,1449,0,0,1,FALSE
stri_enc_mark,stringi,2140,0,0,1,FALSE
%stri+%,stringi,1201,0,0,2,FALSE
stri_locate_last_charclass,stringi,7657,1,6,21,FALSE
stri_datetime_add,stringi,2691,5,0,4,FALSE
stri_enc_fromutf32,stringi,1667,0,0,1,FALSE
stri_duplicated_any,stringi,4376,1,3,2,FALSE
stri_extract_first_charclass,stringi,7575,1,2,21,FALSE
stri_list2matrix,stringi,2483,5,0,1,FALSE
stri_replace_na,stringi,1176,1,3,1,FALSE
stri_dup,stringi,851,3,0,1,FALSE
stri_trans_nfc,stringi,3831,0,2,10,FALSE
stri_wrap,stringi,6736,3,2,4,FALSE
stri_trans_nfd,stringi,3831,1,2,10,FALSE
stri_pad,stringi,2957,4,3,8,FALSE
stri_cmp_equiv,stringi,5814,6,9,10,FALSE
%stri<%,stringi,2455,1,0,16,FALSE
stri_startswith_fixed,stringi,4414,3,0,9,FALSE
stri_extract_all_charclass,stringi,7575,3,2,21,FALSE
stri_trans_toupper,stringi,4434,3,2,3,FALSE
stri_cmp_neq,stringi,5814,0,9,10,FALSE
stri_extract_all_coll,stringi,7575,1,2,21,FALSE
stri_datetime_now,stringi,894,0,0,1,FALSE
stri_endswith_fixed,stringi,4414,0,0,9,FALSE
stri_split_boundaries,stringi,4995,9,2,2,FALSE
%s<=%,stringi,2455,0,0,16,FALSE
stri_length,stringi,1731,4,5,1,FALSE
stri_enc_get,stringi,2190,0,0,2,FALSE
stri_extract_first_regex,stringi,7575,1,2,21,FALSE
stri_extract_first_boundaries,stringi,4918,0,0,8,FALSE
stri_remove_empty,stringi,1574,3,0,6,FALSE
stri_enc_toutf32,stringi,1487,0,0,1,FALSE
stri_opts_brkiter,stringi,3981,0,0,3,FALSE
stri_count_fixed,stringi,3277,6,2,5,FALSE
stri_count_charclass,stringi,3277,3,2,5,FALSE
stri_trans_isnfc,stringi,3831,0,2,10,FALSE
stri_locate_last_boundaries,stringi,5489,0,1,7,FALSE
stri_trans_isnfd,stringi,3831,0,2,10,FALSE
stri_timezone_info,stringi,2663,3,0,1,FALSE
stri_locate_all_regex,stringi,7657,2,6,21,FALSE
stri_locate_first_words,stringi,5489,0,1,7,FALSE
stri_extract,stringi,7575,19,2,21,FALSE
stri_conv,stringi,4114,0,0,2,FALSE
stri_subset_charclass<-,stringi,3930,0,0,13,FALSE
stri_trans_totitle,stringi,4434,3,2,3,FALSE
stri_timezone_get,stringi,2167,0,2,2,FALSE
stri_locate_all_fixed,stringi,7657,3,6,21,FALSE
%stri===%,stringi,2455,0,0,16,FALSE
stri_locate_last_regex,stringi,7657,1,6,21,FALSE
stri_c_list,stringi,2193,0,0,3,FALSE
stri_endswith_coll,stringi,4414,1,0,9,FALSE
stri_encode,stringi,4114,0,0,2,FALSE
stri_match,stringi,5059,8,2,10,FALSE
stri_endswith_charclass,stringi,4414,0,0,9,FALSE
%s<%,stringi,2455,0,0,16,FALSE
stri_datetime_parse,stringi,14311,3,0,4,FALSE
stri_match_first_regex,stringi,5059,3,2,10,FALSE
stri_detect_coll,stringi,4653,0,0,8,FALSE
stri_extract_all_boundaries,stringi,4918,0,0,8,FALSE
stri_datetime_fstr,stringi,1832,1,0,1,FALSE
stri_pad_both,stringi,2957,3,3,8,FALSE
stri_enc_isascii,stringi,1032,2,0,1,FALSE
stri_replace,stringi,7599,16,5,27,FALSE
stri_c,stringi,2646,0,2,3,FALSE
stri_locate,stringi,7657,22,6,21,FALSE
stri_pad_left,stringi,2957,1,3,8,FALSE
stri_locale_info,stringi,1533,2,1,1,FALSE
stri_flatten,stringi,1685,4,0,2,FALSE
stri_trans_char,stringi,1530,3,0,1,FALSE
stri_replace_first_regex,stringi,7599,0,5,27,FALSE
stri_paste,stringi,2646,0,2,3,FALSE
stri_locate_last,stringi,7657,6,6,21,FALSE
stri_locate_last_fixed,stringi,7657,2,6,21,FALSE
stri_replace_all,stringi,7599,16,5,27,FALSE
stri_detect_charclass,stringi,4653,1,0,8,FALSE
stri_cmp_gt,stringi,5814,0,9,10,FALSE
stri_sub_all_replace,stringi,4073,0,1,4,FALSE
stri_split_fixed,stringi,6904,16,3,9,FALSE
stri_datetime_format,stringi,14311,1,0,4,FALSE
stri_count,stringi,3277,16,2,5,FALSE
stri_join,stringi,2646,6,2,3,FALSE
stri_sort,stringi,3069,5,0,2,FALSE
stri_sub_replace_all,stringi,4073,1,1,4,FALSE
stri_trans_isnfkc,stringi,3831,0,2,10,FALSE
%s!=%,stringi,2455,0,0,16,FALSE
stri_trans_isnfkd,stringi,3831,0,2,10,FALSE
stri_opts_collator,stringi,5006,1,1,3,FALSE
%stri!=%,stringi,2455,0,0,16,FALSE
%s>%,stringi,2455,0,0,16,FALSE
stri_subset_coll<-,stringi,3930,0,0,13,FALSE
stri_replace_last,stringi,7599,0,5,27,FALSE
%s==%,stringi,2455,0,0,16,FALSE
stri_subset,stringi,3930,3,0,13,FALSE
stri_startswith_charclass,stringi,4414,1,0,9,FALSE
stri_datetime_add<-,stringi,2691,0,0,4,FALSE
stri_detect_regex,stringi,4653,8,0,8,FALSE
stri_extract_first_words,stringi,4918,0,0,8,FALSE
%stri==%,stringi,2455,0,0,16,FALSE
stri_split_coll,stringi,6904,0,3,9,FALSE
stri_locate_first_charclass,stringi,7657,1,6,21,FALSE
stri_sub_replace,stringi,5369,3,4,3,FALSE
stri_isempty,stringi,749,3,0,1,FALSE
stri_paste_list,stringi,2193,0,0,3,FALSE
stri_cmp_ge,stringi,5814,0,9,10,FALSE
stri_remove_empty_na,stringi,1574,0,0,6,FALSE
%s!==%,stringi,2455,0,0,16,FALSE
stri_trim_left,stringi,2693,1,0,5,FALSE
stri_locale_get,stringi,1815,0,5,2,FALSE
stri_order,stringi,3114,4,0,2,FALSE
stri_subset<-,stringi,3930,0,0,13,FALSE
stri_datetime_fields,stringi,2490,3,0,1,FALSE
stri_locate_all_charclass,stringi,7657,2,6,21,FALSE
stri_enc_isutf8,stringi,1730,3,0,1,FALSE
stri_locate_first_coll,stringi,7657,1,6,21,FALSE
stri_locate_all_boundaries,stringi,5489,4,1,7,FALSE
stri_enc_detect,stringi,5484,1,0,1,FALSE
stri_locate_all,stringi,7657,11,6,21,FALSE
stri_cmp_eq,stringi,5814,7,9,10,FALSE
stri_extract_last_words,stringi,4918,0,0,8,FALSE
stri_replace_first_fixed,stringi,7599,0,5,27,FALSE
stri_match_all,stringi,5059,4,2,10,FALSE
stri_trans_general,stringi,3132,9,5,1,FALSE
stri_replace_last_regex,stringi,7599,0,5,27,FALSE
stri_startswith,stringi,4414,5,0,9,FALSE
stri_subset_regex,stringi,3930,3,0,13,FALSE
stri_enc_isutf32le,stringi,1386,0,0,4,FALSE
stri_cmp_lt,stringi,5814,2,9,10,FALSE
stri_match_last_regex,stringi,5059,1,2,10,FALSE
stri_subset_regex<-,stringi,3930,0,0,13,FALSE
stri_enc_toutf8,stringi,2488,0,0,1,FALSE
stri_extract_first,stringi,7575,3,2,21,FALSE
stri_enc_isutf16le,stringi,1386,0,0,4,FALSE
stri_locate_first_regex,stringi,7657,1,6,21,FALSE
stri_opts_fixed,stringi,1874,1,2,1,FALSE
stri_sub,stringi,5369,14,4,3,FALSE
stri_split_regex,stringi,6904,2,3,9,FALSE
stri_enc_info,stringi,2204,0,0,1,FALSE
stri_extract_all,stringi,7575,13,2,21,FALSE
stri_match_first,stringi,5059,3,2,10,FALSE
stri_read_raw,stringi,763,0,0,1,FALSE
stri_cmp,stringi,5814,10,9,10,FALSE
%stri>%,stringi,2455,0,0,16,FALSE
stri_detect,stringi,4653,11,0,8,FALSE
stri_trans_nfkc_casefold,stringi,3831,0,2,10,FALSE
stri_rand_shuffle,stringi,898,2,1,1,FALSE
stri_count_coll,stringi,3277,0,2,5,FALSE
stri_info,stringi,1616,0,0,1,FALSE
stri_locate_last_words,stringi,5489,0,1,7,FALSE
stri_match_last,stringi,5059,1,2,10,FALSE
stri_datetime_create,stringi,2245,4,1,2,FALSE
stri_subset_charclass,stringi,3930,0,0,13,FALSE
stri_cmp_le,stringi,5814,0,9,10,FALSE
stri_extract_last_fixed,stringi,7575,0,2,21,FALSE
stri_replace_last_coll,stringi,7599,0,5,27,FALSE
stri_detect_fixed,stringi,4653,2,0,8,FALSE
stri_count_words,stringi,4189,1,0,2,FALSE
stri_datetime_symbols,stringi,3010,15,3,2,FALSE
stri_split_charclass,stringi,6904,3,3,9,FALSE
stri_locate_first_fixed,stringi,7657,2,6,21,FALSE
stri_extract_all_regex,stringi,7575,4,2,21,FALSE
stri_replace_all_regex,stringi,7599,7,5,27,FALSE
stri_replace_first,stringi,7599,0,5,27,FALSE
stri_extract_last,stringi,7575,3,2,21,FALSE
stri_omit_empty,stringi,1574,1,0,6,FALSE
stri_subset_coll,stringi,3930,0,0,13,FALSE
stri_remove_na,stringi,1574,0,0,6,FALSE
stri_count_regex,stringi,3277,5,2,5,FALSE
stri_locate_all_coll,stringi,7657,1,6,21,FALSE
stri_replace_first_coll,stringi,7599,0,5,27,FALSE
%s>=%,stringi,2455,0,0,16,FALSE
stri_startswith_coll,stringi,4414,1,0,9,FALSE
stri_split,stringi,6904,21,3,9,FALSE
%stri>=%,stringi,2455,1,0,16,FALSE
stri_extract_last_charclass,stringi,7575,1,2,21,FALSE
stri_locate_first,stringi,7657,5,6,21,FALSE
windows_quote,sys,606,0,0,1,FALSE
r_internal,sys,2002,0,3,5,FALSE
exec_background,sys,6314,1,5,7,FALSE
exec_status,sys,6314,1,5,7,FALSE
eval_safe,sys,366,0,0,2,TRUE
r_wait,sys,2002,3,3,5,FALSE
as_text,sys,544,0,0,1,FALSE
exec_internal,sys,6314,1,5,7,FALSE
exec_wait,sys,6314,1,5,7,FALSE
eval_fork,sys,366,0,0,2,TRUE
r_background,sys,2002,0,3,5,FALSE
